"Character","Actor/ess","episodes_appeared","first_appearance","last_appearance","id_character","gender"
Areo Hotah,Deobia Oparei,6,2015,2016,80,""
Stiv,Stephen Don,1,2011,2011,49,male
Podrick Payne,Daniel Portman,35,2012,2019,4,male
Olly,Brenock O'Connor,17,2014,2016,19,male
Xaro Xhoan Daxos,Nonso Anozie,5,2012,2012,90,male
Myrcella Baratheon,Aimee Richardson,8,2011,2012,74,female
Arthur,Nathanael Saleh,2,2016,2016,206,male
Bernadette,Sara Dylan,7,2012,2017,77,female
Cersei Lannister,Lena Headey,62,2011,2019,2,female
Bathhouse Prostitute,Samantha Bentley,3,2014,2015,136,female
Anya Waynwood,Paola Dionisotti,1,2014,2014,256,female
Bathhouse Prostitute,Samantha McEwan,1,2014,2014,257,female
Beggar Woman,Emina Muftic,1,2015,2015,405,female
Anara,Ollie Kram,1,2015,2015,429,female
Brea,Gemita Samarra,1,2015,2015,442,female
Brothel Child #1,Ella Tweed,1,2015,2015,457,female
Brothel Child #2,Isabelle Jones,1,2015,2015,462,female
Catelyn Stark,Michelle Fairley,26,2011,2016,21,female
Alanna,Kim Chapman,1,2019,2019,600,female
Daenerys Targaryen,Emilia Clarke,62,2011,2019,69,female
Amory Lorch,Fintan McKeown,4,2012,2012,108,male
Brothel Patron #5,Derek Dubery,3,2015,2019,145,male
Brotherhood Member,Tyrone Kearns,6,2013,2016,504,male
Burning Lannister,Calvin Warrington-Heasman,2,2015,2017,519,male
Burning Lannister,Douglas Robson,1,2017,2017,598,male
Viserys Targaryen,Harry Lloyd,5,2011,2011,81,male
Tycho Nestoris,Mark Gatiss,4,2014,2017,93,male
Marei,Josephine Gillan,8,2012,2019,75,female
Selyse Baratheon,Tara Fitzgerald,10,2013,2015,60,female
Nymeria Sand,Jessica Henwick,8,2015,2017,71,female
Myranda,Charlotte Hope,8,2013,2016,73,female
Missandei,Nathalie Emmanuel,38,2013,2019,14,female
Talisa Stark,Oona Chaplin,11,2012,2013,53,female
Meera Reed,Ellie Kendrick,16,2013,2017,38,female
Zanrush,Gerald Lepkowski,2,2016,2016,162,male
Leaf,Kae Alexander,4,2016,2016,122,female
Frances,Annette Hannah,3,2016,2017,144,female
Ghita,Hattie Gotobed,2,2015,2015,177,female
Dothraki Widow #1,Angelique Fernandez,2,2016,2016,190,female
Kurleket,Kevin Keenan,2,2011,2011,174,male
nan,Will Fortune,2,2014,2015,187,male
Young Rodrik Cassel,Fergus Leathem,2,2016,2016,176,male
Syrio Forel,Miltos Yerolemou,3,2011,2011,104,male
Martha,Bronte Carmichael,2,2019,2019,146,female
Margaery Tyrell Mummer,Eva Butterly,2,2016,2016,157,female
Old Woman,Stella McCusker,2,2015,2015,158,female
Lady Kitty Frey,Lucy Hayes,2,2016,2017,163,female
Village Woman,Eileen McCloskey,2,2019,2019,166,female
Dosh khaleen High Priestess,Souad Faress,2,2016,2016,170,female
King's Landing Whore,Emily Diamond,2,2011,2011,171,female
Mhaegen,Antonia Christophers,2,2011,2012,186,female
Mirri Maz Duur,Mia Soteriou,3,2011,2011,128,female
King's Landing Whore,Xena Avramidis,3,2014,2015,141,female
Karl Tanner,Burn Gorman,4,2013,2014,98,male
Fergus' Friend,Thomas Finnegan,1,2019,2019,270,male
Imry Florent,Gordon Mahon,1,2012,2012,224,male
King's Landing Citizen,Hayley McQuillan,1,2019,2019,249,male
nan,Conor Maguire,1,2019,2019,262,male
Vayon Poole,Matthew Scurfield,1,2011,2011,213,male
Northern Sentry,Frank Blake,1,2019,2019,222,male
Will,Bronson Webb,1,2011,2011,228,male
Waymar Royce,Rob Ostlere,1,2011,2011,234,male
King's Landing Citizen,Nicky Harley,1,2019,2019,244,male
Wight at Table,Javier Botet,1,2019,2019,248,male
Winter Town Man,Raymond Keane,1,2015,2015,255,male
Wildling Rioter,Michael Patrick,1,2016,2016,266,male
King's Landing Citizen,Luna Kalo,1,2019,2019,278,female
Winterfell Girl,Emer McDaid,1,2019,2019,279,female
nan,Ella-Rose Sands,1,2019,2019,280,female
Merry Frey,Grace Hendy,1,2013,2013,283,female
Joyeuse Frey,Kelly Long,2,2011,2013,212,female
Nora,Laura Elphinstone,1,2019,2019,218,female
Karsi,Birgitte Hjort Sørensen,1,2015,2015,220,female
Melessa Tarly,Samantha Spiro,1,2016,2016,232,female
The Waif's Disguise,Margaret Jackman,1,2016,2016,252,female
Street Red Priestess Meereen,Melanie Liburd,1,2016,2016,260,female
Willa,Alice Nokes,1,2019,2019,263,female
nan,Shane Whisker,1,2019,2019,264,female
Villager 1,Lorcan Strain,1,2019,2019,272,female
Volantene Whore #1,Katie Alexander Thom,1,2016,2016,276,female
The Crone,Rosie Ruthless,2,2015,2015,205,female
Lannister,Eoin Duffy,1,2019,2019,254,male
Mirelle,Elisa Lasowski,1,2013,2013,355,female
Winter Town Woman,Syd Ralph,1,2019,2019,349,female
Volantene Whore #3,Danielle Claire Jenner,1,2016,2016,348,female
Dothraki Crone,Amira Ghazalla,1,2011,2011,314,female
Captain's Daughter,Amy Dawson,1,2012,2012,316,female
Craster's Wife #2,Aeryn Walker,1,2014,2014,377,female
Crossroads Inn Patron,Ben Fox,1,2017,2017,295,male
Crossroads Inn Patron,Mark Roper,1,2017,2017,310,male
Drummer,Will Champion,1,2013,2013,330,male
Tortured Slave,Mark Drake,1,2013,2013,294,male
Theon Greyjoy,Alfie Allen,47,2011,2019,368,male
Orphan Kid,Max Barber,1,2013,2013,383,male
Lollys Stokeworth,Elizabeth Cadwallader,1,2015,2015,365,female
Margaery's Handmaiden,Aisling Jarrett-Gavin,1,2013,2013,374,female
King's Landing Citizen,Caitlin Pharro,1,2019,2019,291,female
nan,Fionnuala Murphy,1,2019,2019,300,female
"",Rosa Frazer,1,2019,2019,311,female
Kinvara,Ania Bukstein,1,2016,2016,332,female
nan,Claire Connor,1,2019,2019,326,female
Unsullied Soldier,Jaryd Headley,3,2019,2019,362,male
The Bear,Bart the Bear,1,2013,2013,359,male
Ser Endrew Tarth,Dez McMahon,1,2014,2014,353,male
Goldcloak #2,Seamus Kelly,1,2011,2011,350,male
Tyrell Bannerman,Raül Tortosa,1,2016,2016,334,male
Young Braavosi,Jack Hickey,1,2015,2015,322,male
King's Landing Urchin,Stephen Grech,1,2011,2011,380,male
White Walker #2,Spencer Wilding,1,2011,2011,301,male
Volantene Whore #2,Heidi Romanova,1,2016,2016,333,female
nan,Mackenzie Dean,1,2014,2014,317,female
Wight Wildling Girl,Claire Wright,2,2011,2014,315,female
nan,Roma Tomelty,1,2019,2019,313,female
King's Landing Citizen,Rosie McClelland,1,2019,2019,312,female
King's Landing Citizen,Louis McCartney,1,2019,2019,299,female
Yunkai'i Slave #5,Mustapha Mekanassi,1,2013,2013,460,male
Night's Watchman #2,Ruairí Heading,1,2016,2016,453,male
Craster's Wife #3,Cheryl Lester,1,2014,2014,387,female
Craster's Wife,Michelle Costello,1,2013,2013,448,female
Craster's Younger Wife,Lisa Walsh,1,2013,2013,455,female
Handmaid,Sabrina Bartlett,1,2016,2016,464,female
Genna,Kylie Harris,1,2013,2013,468,female
Farmer's Daughter,Trixiebell Harrowell,1,2014,2014,483,female
Foreign Merchant,Allon Sylvain,1,2015,2015,400,male
Frey Lord,Brendan Morrissey,1,2017,2017,392,male
Lannister Torturer,Mark Byatt,1,2012,2012,420,male
nan,Jon Freeman,1,2014,2014,403,male
nan,Rob Brockman,1,2015,2015,413,male
nan,Daniel Johnson,1,2015,2015,428,male
nan,Richard Fitzwell,1,2015,2015,440,male
Sellsword #2,Eddie Elks,1,2015,2015,393,male
Northern Lord,Robert Brown,5,2015,2019,469,male
Tyrell Guard,Ross Moneypenny,1,2017,2017,474,male
Rorge,Andy Beckwith,4,2012,2014,478,male
Serving Girl,Kate Dempsey,1,2017,2017,433,female
Whore #2,Maria Sikavica,1,2014,2014,439,female
Masha Heddle,Susie Kelly,1,2011,2011,443,female
Whore,Irma Mali,1,2015,2015,451,female
Young Lyanna Stark,Cordelia Hill,1,2016,2016,418,female
Septa Moelle,Maggie Hayes,1,2015,2015,427,female
Wight,Alice Hewkin,1,2014,2014,396,female
Whore #1,Kristen Gillespie,1,2014,2014,404,female
King's Landing Whore,Kirsty Nicholls,1,2015,2015,491,female
Child of the Forest #1,Kristina Baskett,1,2016,2016,580,female
Craster's Wife,Kristy Robinson,4,2012,2015,508,female
Craster's Daughter,Ginger A. Taylor,1,2012,2012,543,female
Fighter,Roman Beguns,1,2015,2015,562,male
Fighter,Rob de Groot,1,2015,2015,564,male
Frey Serving Boy,Mark Kelvin Ryan,1,2014,2014,556,male
Captured Wight,Michael Byrch,2,2017,2017,527,male
Dothraki,Omar Youssef,1,2013,2013,549,male
Dothraki Man Having Sex,Oliver Stockwell,1,2016,2016,488,male
Dothraki Rider,Daniel Naprous,2,2014,2017,517,male
Dothraki Rider,Spencer Collings,2,2019,2019,529,male
Dragonstone waiter,Bryan Cogman,1,2014,2014,552,male
Inn Customer,Phelim Kelly,1,2014,2014,555,male
Ironborn,Logan Bruce,6,2013,2019,503,male
Kingsland Taverner,Michael William Burns,2,2016,2016,523,male
Tourney Herald,Marko Cindric,1,2012,2012,485,male
Wildling,Brian Kearns,3,2019,2019,512,male
Lord Galbart Glover,Mark Coney,2,2011,2011,513,male
Wildling,Jessica Stevenson,2,2015,2015,521,female
Lady of Winterfell,Canan Avsar,2,2019,2019,528,female
Winterfell Beekeeper,Owen Dickey,1,2011,2011,532,female
Lady of Eyrie Landing (2011),Bernadette Dobbin,1,2011,2011,533,female
Peasant,Melissa Reid,1,2011,2011,534,female
Wight,Noel Cecil,1,2012,2012,537,female
Selyse Baratheon,Sarah Mac Keever,1,2012,2012,540,female
Noble Lady,Stella Lutz,1,2014,2014,557,female
Wildling,Brann Dailor,1,2015,2015,563,female
Old Man,Derek Smith,1,2019,2019,565,female
Wight,Cassie Friel,1,2015,2015,566,female
Wildling,Brent Hinds,1,2015,2015,567,female
Wilding Gladiator,Danko Jordanov,1,2015,2015,570,female
Wildling,Bill Kelliher,1,2015,2015,571,female
Wildling Archer,Chelsea Mainwaring,1,2015,2015,573,female
Wight,Barrie Martin,1,2015,2015,574,female
Wildling,Elaine O'Dwyer,1,2015,2015,575,female
Wildling,Royd Tolkien,1,2015,2015,576,female
Volantene Whore,Raquel Arraes,1,2016,2016,579,female
Cersei Body Double,Rebecca Van Cleave,1,2015,2015,495,female
Wildling,Jessica Odell,4,2015,2016,509,female
Meereen Slave,Joshua Sher,1,2014,2014,492,male
Nobleman,Aaron Archer,2,2012,2016,515,male
Mikken,Boyd Rankin,2,2011,2011,514,male
Mole's Town Whore,Marion McDowell,2,2014,2014,518,female
Crayah,Lucy Aarden,1,2019,2019,646,female
The Maiden,Rebecca Scott,2,2015,2015,625,female
Kayla,Pixie Le Knot,2,2013,2014,621,female
Mole's Town Madam,Lu Corfield,2,2014,2014,620,female
Moro's Wife #2,Fola Evans-Akingbola,2,2016,2016,619,female
Mole's Town Whore,Lois Winstone,2,2014,2014,618,female
Daisy,Maisie Dee,3,2012,2012,606,female
Dothraki Woman Having Sex,Portia-Valis Volkova,3,2015,2016,609,female
Dothraki Widow #2,Wuese Houston-Jibo,2,2016,2016,622,female
Jhiqui,Sarita Piotrowski,1,2011,2011,634,female
Clea,Gwyneth Keyworth,1,2015,2015,668,female
Innkeeper's Daughter,Gabrielle Dempsey,1,2014,2014,673,female
Captain of the Bolton Archers,Rory Mullen,1,2016,2016,630,male
Crying Man,Pádraig O'Grady,1,2019,2019,640,male
Dornish Prince,Toby Osmond,1,2019,2019,633,male
Dothraki Rider,Charlie Barrett,1,2017,2017,591,male
Drowned Priest,Jonathan Ryan,1,2012,2012,648,male
Drunk Patron,Paul Portelli,1,2011,2011,654,male
Goldcloak #1,Nikovich Sammut,1,2011,2011,655,male
King's Landing Citizen,Isaac Heslip,1,2019,2019,653,male
King's Landing Citizen,Aaron Rodgers,1,2019,2019,604,male
Lord Une,Michael Benbaruk,1,2019,2019,638,male
Xela,Alexis Raben,1,2019,2019,628,male
Northerner in Alley,Oliver Devoti,1,2019,2019,632,male
Northman Rider,David Birkbeck,1,2016,2016,635,male
Prisoner,Marko Jelic,1,2014,2014,642,male
Winter Town Woman,Katie Tumelty,1,2019,2019,666,female
Moro's Wife #1,Rubi Ali,1,2016,2016,652,female
Talla Tarly,Rebecca Benson,1,2016,2016,650,female
Tansy,Jazzy De Lisser,1,2014,2014,649,female
Dirah,Marina Lawrence-Mahrra,1,2019,2019,647,female
Leaf,Octavia Selena Alexandru,1,2014,2014,658,female
Lyanna Stark,Aisling Franciosi,2,2016,2017,616,female
Johnna,Ali Lyons,2,2015,2015,614,female
Morag,Deirdre Monaghan,2,2014,2014,613,female
Tavern Maid,Elynia Betts,1,2016,2016,582,female
Child of the Forest #2,Rachelle Beinart,1,2016,2016,581,female
Shagga,Mark Lewis Jones,2,2011,2011,597,female
Volantene Whore,Sophia Smith,1,2016,2016,588,female
Volantene Whore,Susan Christie,1,2016,2016,583,female
Volantene Whore #5,Zoi Gorman,1,2016,2016,665,male
Eon Hunter,Barrington Cullen,1,2011,2011,664,male
Young Cersei Lannister,Nell Williams,1,2015,2015,669,female
Wight,Jack Hudson,1,2019,2019,601,female
Volantene Whore #4,Ella Hughes,1,2016,2016,662,female
Old Woman Prisoner,Gina Moxley,1,2012,2012,661,female
Woman with Elderly Parents,Lucy McConnell,2,2019,2019,611,female
Old Nan,Margaret John,2,2011,2011,610,female
Wight,Gareth Wright,1,2019,2019,607,female
Septa Scolera,Mary Jordan,1,2015,2015,675,female
Melara Hetherspoon,Isabella Steinbarth,1,2015,2015,671,female
Wildling #2,David Benioff,1,2019,2019,599,male
Wildling,Dan Euston,1,2017,2017,594,male
Sansa Stark,Sophie Turner,59,2011,2019,694,female
Melisandre,Carice van Houten,29,2012,2019,696,male
Pit Announcer,Nicholas Boulton,1,2015,2015,772,male
Willem Lannister,Timothy Gibbons,2,2013,2013,745,male
The Tickler,Anthony Morris,2,2012,2012,737,male
Inn Waitress,Irene Kelleher,1,2015,2015,679,female
Chella,Natalia Lee,1,2012,2012,685,female
Dothraki woman,Mariola Sanz,3,2015,2016,692,female
Gilly,Hannah Murray,27,2012,2019,697,female
Frey Daughter,Milly Burke Cunningham,1,2016,2016,720,female
Frey Wedding Guest,Laurence Doherty,2,2013,2014,702,male
Frey Wedding Guest,Darragh O'Connor,2,2013,2016,693,male
Healtor Troop,Gary Wales,1,2016,2016,723,male
King's Landing Citizen,Lorenzo Antonucci,1,2019,2019,727,male
King's Landing Citizen,Patrick McGilligan,1,2019,2019,731,male
King's Landing Nobleman,Frank Cannon,3,2015,2016,691,male
Wedding Band,Sigur Rós,1,2014,2014,713,
Lannister Map Painter,Jim Stanes,1,2017,2017,726,male
Northman Rioter,Jed Murray,1,2016,2016,773,male
Weasel,Paul Kealyn,1,2012,2012,706,male
Sandor 'The Hound' Clegane,Rory McCann,38,2011,2019,695,male
Prendahl na Ghezn,Ramon Tikaram,1,2013,2013,758,male
Singing Lannister Soldier,Stephen Swift,1,2012,2012,753,male
Winterfell Shepherd,Donagh Deeney,2,2012,2012,736,male
Noble Man,Neil Baltus,1,2014,2014,710,male
Woman in King's Landing,Carolina Castellano,1,2017,2017,725,female
Child of the Forest #3,Casey Michaels,1,2016,2016,722,female
Passerby,Kerim Topcic,1,2015,2015,718,female
Waitress,Emma Bryant,1,2014,2014,711,female
Wildling #1,D.B. Weiss,1,2019,2019,735,female
Grieving Daughter,Michelle O'Flaherty,1,2019,2019,732,female
Khaleesi Handmaiden #1,Rachel Puchkoff,1,2013,2013,709,female
Marianne Frey,Katie Creaven,1,2013,2013,708,female
Quent,Aidan Crowe,2,2012,2012,742,
Wedding Guest,Paul Herbert,1,2014,2014,712,male
King's Landing Handmaiden,Niamh Lennon,2,2014,2014,703,female
Margaery Tyrell,Natalie Dormer,26,2012,2016,698,female
Meereenese Homeless Mother,Sabina Arthur,1,2016,2016,682,female
Qotho,Dar Salim,6,2011,2011,805,male
Orell,Mackenzie Crook,6,2013,2013,804,male
Tommen Baratheon,Callum Wharry,8,2011,2012,801,male
Pypar,Josef Altin,13,2011,2014,785,male
Ellaria Sand,Indira Varma,13,2014,2017,820,female
Irri,Amrita Acharia,13,2011,2012,821,female
Doreah,Roxanne McKee,11,2011,2012,823,female
Arya Stark,Maisie Williams,59,2011,2019,5,female
Brienne of Tarth,Gwendoline Christie,42,2012,2019,10,female
Giant Wight #2,Neil Fingleton,3,2014,2017,831,male
Othell Yarwyck,Brian Fortune,14,2011,2016,784,male
Yezzan zo Qaggaz,Enzo Cilenti,4,2015,2016,813,male
Ros,Esmé Bianco,14,2011,2013,819,female
Lyanna Mormont,Bella Ramsey,9,2016,2019,827,female
Tyene Sand,Rosabell Laurenti Sellers,9,2015,2017,826,female
Shireen Baratheon,Kerry Ingram,10,2013,2015,825,female
The Waif,Faye Marsay,11,2015,2016,822,female
Lysa Arryn,Kate Dickie,5,2011,2014,829,female
Septa Mordane,Susan Brown,6,2011,2011,828,female
Lhara,Sarine Sofair,3,2014,2015,832,female
Lady Crane,Essie Davis,3,2016,2016,830,female
Jorah Mormont,Iain Glen,52,2011,2019,1,male
Lord Varys,Conleth Hill,46,2011,2019,3,male
Grey Worm,Jacob Anderson,34,2013,2019,6,male
Eddison Tollett,Ben Crompton,34,2012,2019,7,male
Tormund Giantsbane,Kristofer Hivju,33,2013,2019,8,male
Tywin Lannister,Charles Dance,27,2011,2015,9,male
Petyr 'Littlefinger' Baelish,Aidan Gillen,41,2011,2017,11,male
Bran Stark,Isaac Hempstead Wright,40,2011,2019,12,male
Stannis Baratheon,Stephen Dillane,24,2012,2015,13,male
Bronn,Jerome Flynn,37,2011,2019,15,male
Loras Tyrell,Finn Jones,21,2011,2016,16,male
Daario Naharis,Michiel Huisman,18,2014,2016,17,male
Tommen Baratheon,Dean-Charles Chapman,18,2013,2016,18,male
Meryn Trant,Ian Beattie,17,2011,2015,20,male
Barristan Selmy,Ian McElhinney,25,2011,2015,22,male
Wun Wun,Ian Whyte,16,2011,2019,23,male
Maester Luwin,Donald Sumpter,14,2011,2012,24,male
Rickon Stark,Art Parkinson,14,2011,2016,25,male
Rodrik Cassel,Ron Donachie,13,2011,2012,26,male
Mace Tyrell,Roger Ashton-Griffiths,13,2014,2016,27,male
Yohn Royce,Rupert Vansittart,13,2014,2019,28,male
Robin Arryn,Lino Facioli,9,2011,2019,29,male
Kovarro,Steven Cole,8,2012,2012,30,male
Alliser Thorne,Owen Teale,19,2011,2016,31,male
Oberyn Martell,Pedro Pascal,7,2014,2014,32,male
Yoren,Francis Magee,7,2011,2012,33,male
Jaqen H'ghar,Tom Wlaschiha,17,2012,2016,34,male
Olyvar,Will Tudor,7,2013,2015,35,male
Osha,Natalia Tena,16,2011,2016,36,male
Walder Frey,David Bradley,6,2011,2017,37,male
Lead Dornish Guard,Christian Vit,1,2015,2015,39,male
Kesh,Michael Heath,1,2016,2016,40,male
Ironborn at Brothel,Neil Keery,1,2016,2016,41,male
Riddell,Ross McKinney,1,2016,2016,42,male
Joss,Niall Cusack,1,2011,2011,43,male
Beric Dondarrion,Richard Dormer,13,2013,2019,44,male
Great Master #5,Ivan Peric,1,2015,2015,45,male
Lannister Guard,Adam Slynn,1,2017,2017,46,male
Lannister Soldier,Jack Morgan,1,2019,2019,47,male
Tomard,Phil Dixon,1,2011,2011,48,male
Lordsport Dockhand,Jer O'Leary,1,2012,2012,50,male
Valyrian Slave,Robert Goodman,1,2014,2014,51,male
Little Bird,Tristan Mercieca,1,2011,2011,52,male
Lord Blackmont,Daniel Rabin,1,2014,2014,54,male
Great Master #7,Tonci Banov,1,2015,2015,55,male
Stevron Frey,Colin Carnegie,1,2011,2011,56,male
Kegs,Tim Landers,1,2014,2014,57,male
Faith Militant #2,Jack Olohan,1,2015,2015,58,male
Ryger Rivers,Bryan McCaugherty,1,2011,2011,59,male
Wounded Lannister,Emmet O'Riabhaigh,1,2012,2012,61,male
Protestor,Edward Tudor-Pole,1,2012,2012,62,male
Bowen Marsh,Michael Condron,10,2015,2016,63,male
Frey Soldier #1,Ciaran O'Grady,1,2013,2013,64,male
Riverlands Traveller,Joe Purcell,1,2013,2013,65,male
Musician #2,Orri P. Dyrason,1,2014,2014,66,male
Faceless Man,Cedric Henderson,1,2015,2015,67,male
Rickard Stark,Wayne Foskett,1,2016,2016,68,male
Obara Sand,Keisha Castle-Hughes,8,2015,2017,70,male
Septa Unella,Hannah Waddingham,8,2015,2016,72,male
Brynden 'Blackfish' Tully,Clive Russell,7,2013,2016,76,male
Benjen Stark,Joseph Mawle,6,2011,2017,78,male
Dontos Hollard,Tony Way,6,2012,2014,79,male
Black Walder Rivers,Tim Plester,6,2013,2016,82,male
Mance Rayder,Ciarán Hinds,5,2013,2015,83,male
Myrcella Baratheon,Nell Tiger Free,6,2015,2016,84,male
Anguy,Philip McGinley,6,2013,2013,85,male
Craster,Robert Pugh,5,2012,2013,86,male
Night's Watch Officer,Dennis McKeever,6,2011,2013,88,male
Doran Martell,Alexander Siddig,5,2015,2016,89,male
Trystane Martell,Toby Sebastian,5,2015,2016,91,male
The Night King,Vladimir 'Furdo' Furdik,5,2016,2019,92,male
Styr,Yuri Kolokolnikov,4,2014,2014,94,male
Walda Bolton,Elizabeth Webster,5,2014,2016,95,male
Archmaester Ebrose,Jim Broadbent,4,2017,2017,96,male
Balon Greyjoy,Patrick Malahide,4,2012,2016,97,male
Qhorin Halfhand,Simon Armstrong,4,2012,2012,99,male
Lothar Frey,Daniel Tuite,4,2016,2016,100,male
Matthos Seaworth,Kerr Logan,4,2012,2012,101,male
Steelshanks Walton,Jamie Michie,4,2013,2013,102,male
Spice King,Nicholas Blane,3,2012,2012,103,male
Harrag,Brendan Cowell,3,2017,2017,106,male
Black Lorren,Forbes KB,4,2012,2012,107,male
Biter,Gerard Jordan,4,2012,2014,109,male
Young Ned,Robert Aramayo,4,2016,2017,110,male
Baby Sam,William Nevan Wilson,4,2016,2017,111,male
Baby Sam,James Robert Wilson,4,2016,2017,112,male
Salladhor Saan,Lucian Msamati,3,2012,2014,113,male
Ned Umber,Harry Grasby,3,2017,2019,114,male
Kraznys mo Nakloz,Dan Hildebrand,3,2013,2013,115,male
White Walker,Ross Mullan,3,2012,2014,116,male
Silk King,Slavko Juraga,3,2012,2012,117,male
Dothraki Bloodrider #1,Diogo Sales,3,2016,2016,118,male
Camello,Kevin Eldon,3,2016,2017,119,male
Dothraki Bloodrider #2,Junade Khan,3,2016,2016,120,male
Musician #4,Brynjar Leifsson,3,2016,2016,121,male
Bobono,Leigh Gill,3,2016,2016,123,male
Musician #5,Kristján Kristjánsson,3,2016,2016,124,male
Harry Strickland,Marc Rissmann,2,2019,2019,125,male
Illyrio Mopatis,Roger Allam,2,2011,2011,126,male
Lem Lemoncloak,Jóhannes Haukur Jóhannesson,2,2016,2016,127,male
Mord,Ciaran Bermingham,2,2011,2011,129,male
Alton Lannister,Karl Davies,3,2012,2012,130,male
Tortured Prisoner,Donal Gallery,1,2012,2012,131,male
Frey Soldier #2,Michael Liebmann,1,2013,2013,132,male
Tyrell Guard,Nikola Bace,1,2015,2015,133,male
Lannister Guard #1,Danny O'Connor,1,2015,2015,134,male
Lead Kingsguard,Paddy Wallace,1,2015,2015,135,male
Reginald Lannister,Patrick FitzSymons,1,2012,2012,137,male
Little Bird,Samuel Paul Small,1,2014,2014,138,male
Gerold Hightower,Eddie Eyre,1,2016,2016,139,male
Denys Mallister,J.J. Murphy,1,2015,2015,140,male
Khal Brozho,Elie Haddad,1,2016,2016,142,male
Aggo,Chuku Modu,3,2016,2016,143,male
Aeron Greyjoy,Michael Feast,2,2016,2016,147,male
Belicho Paenymion,Eddie Jackson,2,2016,2016,148,male
Teela,Bea Glancy,2,2019,2019,149,male
Alys Karstark,Megan Parkinson,6,2016,2019,87,female
Armeca,Sahara Knite,4,2011,2012,105,female
The Night King,Richard Brake,3,2014,2016,150,male
Gregor 'The Mountain' Clegane,Conan Stevens,2,2011,2011,151,male
Morgan,Ian Davies,2,2016,2016,152,male
Lothar Frey,Tom Brooke,2,2013,2013,153,male
Vardis Egen,Brendan McCormack,2,2011,2011,155,male
Hugh of the Vale,Jefferson Hall,2,2011,2011,156,male
Baby Sam,Logan Watson,2,2019,2019,159,male
Todder,Will O'Connell,2,2013,2015,160,male
Donnel Waynwood,Alisdair Simpson,2,2014,2014,161,male
Baby Sam,Finn Watson,2,2019,2019,164,male
Wyllis,Sam Coleman,2,2016,2016,165,male
Goldcloak,Sam Callis,2,2012,2012,167,male
Ternesio Terys,Gary Oliver,2,2014,2015,168,male
Sissy,Jane McGrath,2,2014,2014,169,male
Ornela,Hannah John-Kamen,2,2016,2016,172,male
Master Torturer,Michael Shelford,2,2013,2013,173,male
Young Ned Stark,Sebastian Croft,2,2016,2016,175,male
Lannister Captain,Aiden Condron,2,2012,2012,178,male
Young Benjen Stark,Matteo Elezi,2,2016,2016,179,male
Manservant,Conor Watters,2,2014,2014,180,male
Willis Wode,Ryan McKenna,2,2011,2011,181,male
Mummer #3,Brendan O'Rourke,2,2016,2016,182,male
King's Landing Rioter #1,Reg Wayment,2,2012,2012,183,male
Tobho Mott,Andrew Wilde,2,2011,2012,184,male
Little Bird #6,Lucy Gallagher,2,2016,2016,185,male
Lannister Soldier,Matthew Wolf,1,2019,2019,188,male
Lannister Soldier,Ryan McKen,1,2019,2019,189,male
Stark Guard,David Sheehan,2,2012,2012,191,male
Stark Soldier,Danny Kirrane,1,2017,2017,192,male
Lannister Soldier,Owen Whitelaw,1,2019,2019,193,male
Koner,Joseph Quinn,1,2017,2017,194,male
Night's Watchman #1,Michael Hayes,2,2016,2016,195,male
Mandon Moore,James Doran,1,2012,2012,196,male
Desmond Crakehall,Maro Drobnic,1,2013,2013,197,male
Baratheon Soldier #2,Jason McLaughlin,2,2015,2015,198,male
Loyal Night's Watchman #1,Steve Cash,2,2016,2016,199,male
Night's Watchman #2,Tony Flynn,2,2016,2016,200,male
Guymon,Jem Wall,1,2014,2014,201,male
The Mother,Em Scribbler,2,2015,2015,202,male
King Renly Baratheon Dwarf,Dean Whatton,1,2014,2014,203,male
Khal Rhalko,Andrei Claude,1,2016,2016,204,male
Stark Soldier,Michael Shaeffer,1,2012,2012,207,male
King Robb Stark Dwarf,George Appleby,1,2014,2014,208,male
Street Tough #1,Tom Fava,1,2015,2015,209,male
Citadel Maester,Frank Hvam,1,2016,2016,210,male
Khal Qorro,Darius Dar Khan,1,2016,2016,211,male
King Balon Greyjoy Dwarf,Krysten Coombs,1,2014,2014,214,male
Septon,Terry Byrne,1,2012,2012,215,male
Eyrie Guard,Paul Kennedy,1,2015,2015,216,male
Brother Ray,Ian McShane,1,2016,2016,217,male
Lannister Soldier,Ciaran McMahon,1,2012,2012,219,male
Nora's Daughter,Tipper Seifert-Cleveland,1,2019,2019,221,male
Unsullied Captain,Gabriel Akuwudike,1,2019,2019,223,male
Young Woman,Rori Hawthorn,1,2019,2019,225,male
Bolton General,Mark Tankersley,1,2016,2016,226,male
Lannister Soldier,Jim Tighe,1,2019,2019,227,male
Mero,Mark Killeen,1,2013,2013,229,male
Baratheon Officer,Kieran Cunningham,1,2012,2012,230,male
Lannister Soldier,Luke McQuillan,1,2019,2019,231,male
Winterfell Local,Breige Roche,1,2017,2017,233,male
Goatherd,Philip Arditti,1,2014,2014,235,male
Northern Lord,Niall Bishop,1,2019,2019,236,male
Northman Archer,Paul Garrett,1,2016,2016,237,male
Catspaw Assassin,Lalor Roddy,1,2011,2011,238,male
Septon,Kenneth Hadley,1,2013,2013,239,male
Citadel Maester,Julian Firth,1,2017,2017,240,male
Lannister Guard,Conor Delaney,1,2011,2011,241,male
Lannister Soldier,Adam Devereux,1,2019,2019,242,male
Westerosi Trader,Kevin Horsham,1,2016,2016,243,male
Lannister Soldier,Thomas Martin,1,2019,2019,245,male
Old Man,Sean Buckley,1,2013,2013,246,male
Slaver,Michael Yare,1,2015,2015,247,male
Lannister Soldier,Brian Patrick Kennedy,1,2019,2019,250,male
Wine Merchant,Simon Lowe,1,2011,2011,251,male
Joss,James McKenzie Robinson,1,2015,2015,253,male
Braavosi Captain,Morgan C. Jones,1,2015,2015,258,male
Tully Bannerman,Sam Redford,1,2016,2016,259,male
Varly,Graham Charles,1,2011,2011,261,male
Yunkai'i Whore,Talitha Luke-Eardley,1,2013,2013,265,male
Black Armored White Walker,Tim Loane,1,2015,2015,267,male
Bear Island Maester,Louis Rolston,1,2016,2016,268,male
Lannister Soldier,Ed Sheeran,1,2017,2017,269,male
Sarra,Danielle Galligan,1,2019,2019,271,male
Lannister Guard,Sam Mackay,1,2012,2012,273,male
Bianca,Eline Powell,2,2016,2016,154,female
Fennesz,Trevor Allan Davies,1,2014,2014,274,male
Street Tough #2,Winston Davis,1,2015,2015,275,male
Rhaego,Wren Ros Elliot-Sloan,1,2012,2012,277,male
Ironborn #3,James Lecky,1,2016,2016,281,male
Son of the Harpy,Curtis-Lee Ashqar,1,2015,2015,282,male
Bolton Guard,Anthony Boyle,1,2014,2014,284,male
Red Keep Stableboy,Hugo Culverhouse,1,2011,2011,285,male
Dwarf Hunter #1,Jonathan Gunning,1,2015,2015,286,male
Maester Caleotte,Colin Azzopardi,1,2016,2016,287,male
Dwarf Hunter #2,Alan McKee,1,2015,2015,288,male
Aerys Targaryen,David Rintoul,1,2016,2016,289,male
Wyman Manderly,Sean Blowers,1,2016,2016,290,male
Lord Portan,Gordon Fulton,1,2012,2012,292,male
Simpson,Laurence O'Fuarain,1,2015,2015,293,male
Lannister General,Guy Oliver-Watts,1,2017,2017,296,male
'Littlefinger' Winterfell Spy,Adele Smyth-Kennedy,1,2017,2017,297,male
Northman,Robbie Beggs,1,2019,2019,298,male
Theon's Master of Hounds,Steve Wilson,1,2012,2012,302,male
Merchant Captain,Gary Pillai,1,2015,2015,303,male
Goatherd's Son,Gian Sanghera-Warren,1,2014,2014,304,male
Lannister Soldier,Matt Faris,1,2016,2016,306,male
Lannister Soldier,Thomas Turgoose,1,2017,2017,307,male
King's Landing Boaster,Dylan Edwards,1,2016,2016,308,male
Ash,Yousef 'Joe' Sweid,1,2016,2016,309,male
Adrack Humble,Jody Halse,1,2014,2014,318,male
Jaremy Rykker,Jeffrey O'Brien,1,2011,2011,319,male
Rennick,David Fynn,1,2012,2012,320,male
Wendel Manderly,Oddie Braddell,1,2013,2013,321,male
Lannister Soldier,Billy Postlethwaite,1,2017,2017,323,male
Torrhen Karstark,Tyrone McElhennon,1,2012,2012,324,male
Steve,Steve Love,1,2016,2016,325,male
Vance Corbray,Richard Doubleday,1,2014,2014,327,male
Innkeeper,Martin Walsh,1,2014,2014,328,male
Great Master #6,Hadi Kermani,1,2015,2015,329,male
Lannister Soldier,Brahm Gallagher,1,2016,2016,331,male
Khal Forzho,Tamer Hassan,1,2016,2016,335,male
Winter Town Boy,Felix Jamieson,1,2019,2019,336,male
Sorcerer,Harold James McMullan,1,2013,2013,337,male
Unsullied,Karl Jackson,1,2014,2014,338,male
Faith Militant #1,Simon Norbury,1,2015,2015,339,male
King's Landing Baker,Edward Mercieca,1,2011,2011,340,male
Gerald,Ken Fletcher,1,2012,2012,341,male
Musician #1,Jon Thor Birgisson,1,2014,2014,342,male
Goatherd,Darren Kent,1,2014,2014,343,male
Bolton Soldier,Bryan Quinn,1,2013,2013,344,male
Derek,Ian Lloyd Anderson,1,2015,2015,345,male
Despondent Man,David Garlick,1,2015,2015,346,male
Axell Florent,James McHale,1,2014,2014,347,male
Night's Watchman,Marcus Lamb,1,2011,2011,351,male
Colen of Greenpools,Darren Killeen,1,2012,2012,352,male
Sellsword #1,Matt McArdle,1,2015,2015,354,male
Second Son,Slavko Sobin,1,2015,2015,356,male
Great Master #2,Derek Horsham,1,2014,2014,357,male
Brothel Guard,Mishaël Lopes Cardozo,1,2015,2015,358,male
Stark Soldier,Andrew McClay,10,2015,2019,360,male
Unsullied,Andrew Watson,6,2019,2019,361,male
Boat Commander,Michael Power,1,2013,2013,363,male
Jon Snow,Kit Harington,62,2011,2019,364,male
Jaime Lannister,Nikolaj Coster-Waldau,55,2011,2019,366,male
Samwell Tarly,John Bradley,48,2011,2019,367,male
Davos Seaworth,Liam Cunningham,42,2012,2019,369,male
Night's Watch Deserter,Barry O'Connor,1,2011,2011,370,male
King's Landing Rioter #2,Marko Juraga,1,2012,2012,371,male
Grand Maester Pycelle,Julian Glover,31,2011,2016,372,male
Joffrey Baratheon,Jack Gleeson,26,2011,2014,373,male
Gendry,Joe Dempsie,24,2011,2019,375,male
Black Jack Bulwer,Cormac McDonagh,1,2014,2014,376,male
Brant,Jonathan Byrne,1,2015,2015,378,male
Poisoned Frey,Paul Ward,1,2017,2017,379,male
Beric Dondarrion,David Michael Scott,1,2011,2011,381,male
Ironborn Abusing a Volantene Whore,Billy King,1,2016,2016,382,male
King's Landing Rioter #3,Rea Separovic,1,2012,2012,384,male
King's Landing Tailor,Joe Cassidy,1,2013,2013,385,male
Karstark Lookout,Shaun Blaney,1,2013,2013,386,male
Musician #3,Georg Holm,1,2014,2014,388,male
Farmer Hamlet,Finbar Lynch,1,2014,2014,389,male
Mully,Andy Moore,1,2014,2014,390,male
Arthur Dayne,Luke Roberts,1,2016,2016,391,male
Brothel Customer,Derek Reid,1,2012,2012,394,male
Violet,Stephanie Blacker,1,2013,2013,395,male
Fruit Vendor,Alex Mileman,1,2013,2013,397,male
Tyrell Servant,Will Rastall,1,2013,2013,398,male
Brusco,Garry Mountaine,1,2015,2015,399,male
Warlock,Lottie Steer,1,2013,2013,401,male
Sick Maester,Eamonn Draper,1,2017,2017,402,male
Braavosi Madam,Lacy Moore,1,2015,2015,305,female
King Joffrey Baratheon Dwarf,Raymond Griffiths,1,2014,2014,406,male
Lannister Captain,Richard Laing,1,2016,2016,407,male
Iggo,Deon Lee-Williams,1,2016,2016,408,male
Rickard Karstark,Steve Blount,1,2011,2011,409,male
Unsullied,Rhys Howells,1,2013,2013,410,male
King Stannis Baratheon Dwarf,Maxwell Laird,1,2014,2014,411,male
Sailor,Dylan McDonough,1,2015,2015,412,male
Baratheon General,Nigel O'Neill,1,2015,2015,414,male
Jonos Bracken,Gerry O'Brien,1,2011,2011,415,male
Stark Messenger,Moe Dunford,1,2012,2012,417,male
Lannister Messenger,Simon Stewart,1,2011,2011,419,male
Northern Lord,Pat Mooney,1,2012,2012,421,male
Yunkai'i Slave #1,Marin Tudor,1,2013,2013,422,male
White Rat,Marcos James,1,2015,2015,423,male
Strong Sam Stone,Allan Gildea,1,2015,2015,424,male
Mallister Supporter,Derek Lord,1,2015,2015,425,male
Sparring Boy,Stephen Brown,1,2015,2015,426,male
Hodor,Kristian Nairn,23,2011,2016,430,male
Qyburn,Anton Lesser,22,2013,2019,431,male
Addam Marbrand,B.J. Hogg,1,2011,2011,434,male
Grenn,Mark Stanley,22,2011,2014,435,male
Yunkai'i Slave #2,Roxana Kadyrova,1,2013,2013,436,male
Bolton Soldier,Gary Lightbody,1,2013,2013,437,male
Robb Stark,Richard Madden,22,2011,2016,438,male
Ramsay Bolton,Iwan Rheon,20,2013,2016,441,male
Roose Bolton,Michael McElhatton,20,2012,2016,444,male
Night's Watch Messenger,Frank O'Sullivan,1,2011,2011,445,male
Mago,Ivailo Dimitrov,1,2011,2011,446,male
Qartheen Woman,Kristina Krepela,1,2012,2012,447,male
Lannister Guard,James Tolcher,1,2011,2011,449,male
Qhono,Staz Nair,11,2016,2019,450,male
Brothel Customer,Ben Yates,1,2015,2015,452,male
Yunkai'i Slave #4,El Hasani,1,2013,2013,454,male
Bolton Officer,Andrew Bryan,1,2016,2016,458,male
Lannister Scout,Chris Gallagher,1,2011,2011,459,male
Lannister Guard #2,Fiach Kunz,1,2015,2015,461,male
Gordy,Tristan McConnell,1,2015,2015,463,male
Bolton Soldier,Tristan Heanue,1,2016,2016,465,male
Cley Cerwyn,Tom Varey,1,2016,2016,466,male
Unsullied,Stephen Presley,6,2019,2019,467,male
Baratheon Soldier #1,David Fennelly,1,2015,2015,470,male
Hoster Tully,Christopher Newman,1,2013,2013,471,male
Howland Reed,Leo Woodruff,1,2016,2016,472,male
Lannister Soldier,Seán McGillicuddy,1,2017,2017,473,male
Night's Watchman,Patrick J Molloy,1,2014,2014,475,male
Ironborn #3,Dave Hill,1,2019,2019,476,male
Captain of the Archers,Michael Grennell,1,2012,2012,477,male
Lommy Greenhands,Eros Vlahos,4,2011,2012,479,male
Royal Steward,Robert Sterne,4,2011,2011,480,male
Timett,Tobias Winter,4,2011,2012,481,male
Izembaro,Richard E. Grant,3,2016,2016,482,male
Three-Eyed Raven,Max von Sydow,3,2016,2016,484,male
Daario Naharis,Ed Skrein,3,2013,2013,486,male
Greatjon Umber,Clive Mantle,3,2011,2011,487,male
King's Landing Drunkard,Anthony John Crocker,1,2015,2015,489,male
Harald Karstark,Paul Rattray,3,2016,2016,490,male
Razdal mo Eraz,George Georgiou,3,2013,2016,493,male
Clarenzo,Rob Callender,3,2016,2016,494,male
Thenn Warg,Joseph Gatt,3,2014,2014,496,male
Polliver,Andy Kellegher,3,2012,2014,497,male
Baratheon Soldier,Graeme Peacock,11,2012,2017,498,male
Baratheon Soldier,Mark Quigley,11,2014,2019,499,male
Khal Moro,Joseph Naufahu,3,2016,2016,500,male
Night's Watch,Bobby Marno,10,2015,2017,501,male
Baratheon Soldier,James Bleakney,9,2013,2016,502,male
Knight of the Vale,Micheal Fitzgerald,6,2016,2019,505,male
Mossador,Reece Noi,3,2014,2015,506,male
Rattleshirt,Edward Dogliani,3,2012,2013,507,male
Stark Archer,Patrick Kelly,4,2016,2019,510,male
Meereen Guard,Juan Carlos Martínez Antuña,3,2017,2017,511,male
Night's Watch,Gerald McMullan,2,2014,2017,516,male
Tully Soldier,Simon Millar,2,2015,2016,520,male
Bolton Infantry,Kevin-Barry Brown,2,2016,2016,522,male
Braavosi Theatre Server,Tamsin Greene Barker,2,2016,2016,524,male
Braavosi Theatre Sound Artist,Kiran Shah,2,2016,2016,525,male
Meereen Guard,Hugh Yeaman,2,2016,2016,526,male
Baratheon Guard,Phil Barnhill,1,2011,2011,530,male
Prostitute,Caroline Davis,1,2011,2011,531,male
King's Guard,Robert Yates,1,2011,2011,535,male
Braavosi Woman #1,Kate Anthony,1,2016,2016,416,female
Braavosi Woman #2,Sally Mortemore,1,2016,2016,432,female
Aya,Aifric O'Donnell,1,2015,2015,456,female
Baratheon Archer,Robert Atkinson,1,2012,2012,536,male
Black Knight,Jonathan Cohen,1,2012,2012,538,male
Lannister Archer,Hugh Irvine,1,2012,2012,539,male
Young Nobleman,Filip Lozic,1,2012,2012,541,male
Stark Guard,Paul Monahan,1,2012,2012,542,male
Musician,Kevin McCann,1,2013,2013,544,male
Cooper,Joe Claflin,1,2014,2014,545,male
Bathhouse Boy,Niall O'Donnell,1,2013,2013,546,male
Donnel Hill,Jack Roth,1,2014,2014,547,male
Yunkai Citizen,Mustapha Rachidi,1,2013,2013,548,male
Lannister Guard,Christian Gimse,1,2017,2017,550,male
Lannister Spearman,Noah Syndergaard,1,2017,2017,551,male
Stannis Guard,Oisin De Lange,1,2014,2014,553,male
Unsullied,Louis Agbodo,1,2019,2019,554,male
Night's Watch Archer,Neil Marshall,1,2014,2014,558,male
Ironborn #1,Rob McElhenney,1,2019,2019,559,male
Lannister Guard,Adam Quigley-Nixon,1,2019,2019,560,male
Strong Fighter,Adam Basil,1,2015,2015,561,male
Slave,Terence Hughes,1,2015,2015,568,male
Ironborn #2,Martin Starr,1,2019,2019,569,male
Musician #1,Nanna Bryndís Hilmarsdóttir,3,2016,2016,572,male
Tyrion Lannister,Peter Dinklage,67,2011,2019,577,male
Musician #2,Ragnar Þórhallsson,3,2016,2016,578,male
Musician #3,Arnar Rosenkranz Hilmarsson,3,2016,2016,584,male
Hallyne,Roy Dotrice,2,2012,2012,585,male
'That's Right' Man,Jose Mellinas,1,2016,2016,586,male
Smalljon Umber,Dean Jagger,2,2016,2016,587,male
Dim Dalba,Murray McArthur,2,2015,2016,589,male
Fergus,Seamus O'Hara,2,2019,2019,590,male
Gatins,Ricky Champ,2,2016,2016,592,male
Malko,Adewale Akinnuoye-Agbaje,2,2015,2015,593,male
Thin Man,Oengus MacNamara,2,2015,2015,595,male
Night's Watch,Brendan McGivern,1,2017,2017,596,male
Stark Guard,Jesse Morris,1,2019,2019,602,male
Lannister Officer,Duncan Muggoch,1,2019,2019,603,male
Vala,Meena Rayann,3,2015,2016,605,male
Loyal Night's Watchman #2,Robert Fawsitt,3,2016,2016,608,male
Quaithe,Laura Pradelska,2,2012,2012,612,male
Willa,Karla Lyons,2,2015,2015,615,male
Young Nan,Annette Tierney,2,2016,2016,617,male
Night's Watchman,Michael Hooley,2,2016,2016,623,male
Male Prostitute,Dennis Stokes,2,2012,2012,624,male
Tyrell Lady,Sophie Reid,2,2013,2013,626,male
Tommy,Tommy Dunne,2,2011,2014,627,male
Dying Man,Barry McGovern,1,2014,2014,629,male
Ironborn Lord,Noel Harron,1,2019,2019,631,male
Riverlands Lord,Andrew Bicknell,1,2019,2019,636,male
Lord of Bones,Ross O'Hennessy,1,2015,2015,637,male
Vale Lord,Frank Jakeman,1,2019,2019,639,male
Roslin Frey,Alexandra Dowling,1,2013,2013,641,male
High Septon Maynard,Tom Chadbon,1,2017,2017,643,male
Pentoshi Servant,Rania Zouari,1,2011,2011,644,male
Street Red Priestess Volantis,Rila Fukushima,1,2015,2015,645,male
Morgan's Friend,Stuart Martin,1,2014,2014,651,male
Karstark Soldier #1,Neill Fleming,1,2012,2012,656,male
Farlen,Peter Ballance,2,2012,2012,657,male
Drennan,David Coakley,2,2012,2012,659,male
Knight of House Lynderly,Paddy Rocks,1,2011,2011,660,male
The Waif's Disguise,Adam Turns,1,2016,2016,663,male
Karstark Soldier #2,Duncan Lacroix,1,2012,2012,667,male
Jaqen's Disguise,Patrick O'Kane,1,2012,2012,670,male
Knight of House Frey,Patrick Ryan,1,2011,2011,672,male
Olly's Mother,Raewyn Lippert,1,2014,2014,674,male
Stark Guard,Faolan Morgan,1,2011,2011,676,male
Yunkai'i Slave #3,Jamal Ouarraq,1,2013,2013,677,male
Maester Helliweg,Joe Hewetson,1,2015,2015,678,male
Stark Guard,Rick Burn,1,2011,2011,680,male
Lannister Guard #3,Michael Johnston,1,2015,2015,681,male
Tommen's Attendant,Dermot Ward,1,2016,2016,683,male
Tommen's Manservant,Aron Hegarty,1,2016,2016,684,male
Woodcutter,Ralph Clemente,1,2015,2015,686,male
King's Landing Flasher #1,Munro Graham,1,2015,2015,687,male
King's Landing Flasher #2,Ben Kelly,1,2015,2015,688,male
Night's Watch Officer,Michael Stuart,19,2013,2019,689,male
Knight,Frédéric André,4,2011,2016,690,male
Shae,Sibel Kekilli,20,2011,2014,699,male
Olenna Tyrell,Diana Rigg,18,2013,2017,700,male
Ygritte,Rose Leslie,17,2012,2014,701,male
Tyrell Cousin,Kylie Zimmer,2,2014,2014,704,male
Karstark Soldier,Peter Rooney,2,2016,2019,705,male
Riverrun Nobleman,Matt Butcher,1,2013,2013,707,male
Wedding Guest,C.C. Smiff,1,2014,2014,714,male
Wildling Archer,Jenny Edgar,1,2015,2015,715,male
Pit Fighter,Charles Jarman,1,2015,2015,716,male
Night's Watch Recruit,Christopher Kinkead,1,2015,2015,717,male
Unsullied Guard,Pablo Verdejo,1,2015,2015,719,male
Quinn,Oryan Landa,1,2016,2016,721,male
Traveller,Dario Cannizzaro,1,2017,2017,724,male
Lannister Archer,Brian Black,1,2019,2019,728,male
Soldier,Sophie Ellis-Bextor,1,2019,2019,729,male
Soldier,Richard Jones,1,2019,2019,730,male
Wildling Wight,Chris Stapleton,1,2019,2019,733,male
Soldier,Vasco Temudo,1,2019,2019,734,male
Morgan,Chris Reilly,2,2012,2014,738,male
Greizhen mo Ullhor,Cliff Barry,2,2013,2013,739,male
Jacks,Paul Caddell,2,2012,2012,740,male
Great Master #1,Emilio Doorgasingh,2,2014,2014,741,male
Mummer #2,Glen Barry,2,2016,2016,743,male
Mummer #4,Ross Anderson-Doherty,2,2016,2016,744,male
Little Bird #4,Jesse Magee,2,2016,2016,746,male
Little Bird #3,Michael Nevin,2,2016,2016,747,male
Little Bird #5,Iona Clarke,2,2016,2016,748,male
Little Bird #7,Fionn Kernan,2,2016,2016,749,male
Three-Eyed Raven,Struan Rodger,2,2014,2014,750,male
Leo Lefford,Vinnie McCabe,2,2011,2011,751,male
Ironborn #2,Robert Render,2,2011,2016,752,male
Loboda,Zachary Baharov,1,2015,2015,754,male
Stark Soldier,Eamonn Keenan,1,2017,2017,755,male
Mycah,Rhodri Hosking,1,2011,2011,756,male
Jon Arryn,John Standing,1,2011,2011,757,male
Gared,Dermot Keaney,1,2011,2011,759,male
Maester Cressen,Oliver Ford Davies,1,2012,2012,760,male
First Mate,Rhodri Miles,1,2014,2014,761,male
Maggy,Jodhi May,1,2015,2015,762,male
Citadel Maester,Philip O'Sullivan,1,2017,2017,763,male
Ironborn #1,Darrell D'Silva,1,2016,2016,764,male
Goldcloak,Laurence Spellman,1,2017,2017,765,male
Ironborn in Skiff,Michael Hough,1,2014,2014,766,male
Rhaegar Targaryen,Wilf Scolding,1,2017,2017,767,male
Frey Guard,A.J. Kennedy,1,2013,2013,768,male
Great Master #1,Gianpiero Cognoli,1,2015,2015,769,male
High Septon,David Verrey,1,2012,2012,770,male
Ralf Kenning,Grahame Fox,1,2014,2014,771,male
Goldcloak,Alan Paris,1,2011,2011,774,male
Hog Farmer,Pat McGrath,1,2013,2013,775,male
Elder Meereen Slave,Philip Philmar,1,2014,2014,776,male
Great Master #2,Bobby Asghar,1,2015,2015,777,male
Dickon Tarly,Freddie Stroma,1,2016,2016,778,male
Stark Soldier,Luke Wilson Hanley,1,2017,2017,779,male
Great Master #3,Peter Silverleaf,1,2015,2015,780,male
Great Master #4,Davor Jozinovic,1,2015,2015,781,male
Lancel Lannister,Eugene Simon,16,2011,2016,782,male
Janos Slynt,Dominic Carter,15,2011,2015,783,male
High Sparrow,Jonathan Pryce,12,2015,2016,786,male
Jeor Mormont,James Cosmo,12,2011,2013,787,male
Maester Wolkan,Richard Rycroft,12,2016,2019,788,male
Kevan Lannister,Ian Gelder,12,2011,2016,789,male
Rast,Luke Barnes,12,2011,2014,790,male
Hot Pie,Ben Hawkey,12,2011,2017,791,male
Maester Aemon,Peter Vaughan,11,2011,2015,792,male
Thoros of Myr,Paul Kaye,10,2013,2017,793,male
Jojen Reed,Thomas Brodie-Sangster,10,2013,2014,794,male
Khal Drogo,Jason Momoa,10,2011,2012,795,male
Euron Greyjoy,Pilou Asbæk,9,2016,2019,796,male
Edmure Tully,Tobias Menzies,9,2013,2019,797,male
Renly Baratheon,Gethin Anthony,8,2011,2012,798,male
Locke,Noah Taylor,8,2013,2014,799,male
Hizdahr zo Loraq,Joel Fry,8,2014,2015,800,male
Robert Baratheon,Mark Addy,7,2011,2011,802,male
Rakharo,Elyes Gabel,7,2011,2012,803,male
High Septon,Paul Bentley,6,2013,2015,806,male
Jory Cassel,Jamie Sives,5,2011,2011,807,male
Randyll Tarly,James Faulkner,5,2016,2017,808,male
Robett Glover,Tim McInnerny,5,2016,2017,809,male
Rickard Karstark,John Stahl,5,2012,2013,810,male
Dagmer Cleftjaw,Ralph Ineson,5,2012,2012,811,male
Pyat Pree,Ian Hanmore,4,2012,2012,812,male
Ilyn Payne,Wilko Johnson,4,2011,2012,814,male
Marillion,Emun Elliott,4,2011,2011,815,male
Dickon Tarly,Tom Hopper,4,2017,2017,816,male
Gregor 'The Mountain' Clegane,Hafþór Júlíus Björnsson,17,2014,2019,817,male
Yara Greyjoy,Gemma Whelan,16,2012,2019,818,male
Eddard 'Ned' Stark,Sean Bean,10,2011,2011,824,male
