Character,Actor/ess,Episodes_appeared,First_appearance,Last_appearance
Tyrion Lannister,Peter Dinklage,67,2011,2019
Cersei Lannister,Lena Headey,62,2011,2019
Daenerys Targaryen,Emilia Clarke,62,2011,2019
Jon Snow,Kit Harington,62,2011,2019
Sansa Stark,Sophie Turner,59,2011,2019
Arya Stark,Maisie Williams,59,2011,2019
Jaime Lannister,Nikolaj Coster-Waldau,55,2011,2019
Jorah Mormont,Iain Glen,52,2011,2019
Samwell Tarly,John Bradley,48,2011,2019
Theon Greyjoy,Alfie Allen,47,2011,2019
Lord Varys,Conleth Hill,46,2011,2019
Davos Seaworth,Liam Cunningham,42,2012,2019
Brienne of Tarth,Gwendoline Christie,42,2012,2019
Petyr 'Littlefinger' Baelish,Aidan Gillen,41,2011,2017
Bran Stark,Isaac Hempstead Wright,40,2011,2019
Sandor 'The Hound' Clegane,Rory McCann,38,2011,2019
Missandei,Nathalie Emmanuel,38,2013,2019
Bronn,Jerome Flynn,37,2011,2019
Podrick Payne,Daniel Portman,35,2012,2019
Grey Worm,Jacob Anderson,34,2013,2019
Eddison Tollett,Ben Crompton,34,2012,2019
Tormund Giantsbane,Kristofer Hivju,33,2013,2019
Grand Maester Pycelle,Julian Glover,31,2011,2016
Melisandre,Carice van Houten,29,2012,2019
Tywin Lannister,Charles Dance,27,2011,2015
Gilly,Hannah Murray,27,2012,2019
Margaery Tyrell,Natalie Dormer,26,2012,2016
Joffrey Baratheon,Jack Gleeson,26,2011,2014
Catelyn Stark,Michelle Fairley,26,2011,2016
Barristan Selmy,Ian McElhinney,25,2011,2015
Stannis Baratheon,Stephen Dillane,24,2012,2015
Gendry,Joe Dempsie,24,2011,2019
Hodor,Kristian Nairn,23,2011,2016
Qyburn,Anton Lesser,22,2013,2019
Grenn,Mark Stanley,22,2011,2014
Robb Stark,Richard Madden,22,2011,2016
Loras Tyrell,Finn Jones,21,2011,2016
Shae,Sibel Kekilli,20,2011,2014
Ramsay Bolton,Iwan Rheon,20,2013,2016
Roose Bolton,Michael McElhatton,20,2012,2016
Alliser Thorne,Owen Teale,19,2011,2016
Daario Naharis,Michiel Huisman,18,2014,2016
Olenna Tyrell,Diana Rigg,18,2013,2017
Tommen Baratheon,Dean-Charles Chapman,18,2013,2016
Ygritte,Rose Leslie,17,2012,2014
Jaqen H'ghar,Tom Wlaschiha,17,2012,2016
Gregor 'The Mountain' Clegane,Hafþór Júlíus Björnsson,17,2014,2019
Olly,Brenock O'Connor,17,2014,2016
Meryn Trant,Ian Beattie,17,2011,2015
Osha,Natalia Tena,16,2011,2016
Yara Greyjoy,Gemma Whelan,16,2012,2019
Meera Reed,Ellie Kendrick,16,2013,2017
Wun Wun,Ian Whyte,16,2011,2019
Lancel Lannister,Eugene Simon,16,2011,2016
Janos Slynt,Dominic Carter,15,2011,2015
Maester Luwin,Donald Sumpter,14,2011,2012
Ros,Esmé Bianco,14,2011,2013
Rickon Stark,Art Parkinson,14,2011,2016
Othell Yarwyck,Brian Fortune,14,2011,2016
Ellaria Sand,Indira Varma,13,2014,2017
Rodrik Cassel,Ron Donachie,13,2011,2012
Beric Dondarrion,Richard Dormer,13,2013,2019
Mace Tyrell,Roger Ashton-Griffiths,13,2014,2016
Yohn Royce,Rupert Vansittart,13,2014,2019
Pypar,Josef Altin,13,2011,2014
Irri,Amrita Acharia,13,2011,2012
High Sparrow,Jonathan Pryce,12,2015,2016
Jeor Mormont,James Cosmo,12,2011,2013
Maester Wolkan,Richard Rycroft,12,2016,2019
Kevan Lannister,Ian Gelder,12,2011,2016
Rast,Luke Barnes,12,2011,2014
Hot Pie,Ben Hawkey,12,2011,2017
Talisa Stark,Oona Chaplin,11,2012,2013
Maester Aemon,Peter Vaughan,11,2011,2015
The Waif,Faye Marsay,11,2015,2016
Doreah,Roxanne McKee,11,2011,2012
Qhono,Staz Nair,11,2016,2019
Eddard 'Ned' Stark,Sean Bean,10,2011,2011
Thoros of Myr,Paul Kaye,10,2013,2017
Selyse Baratheon,Tara Fitzgerald,10,2013,2015
Jojen Reed,Thomas Brodie-Sangster,10,2013,2014
Shireen Baratheon,Kerry Ingram,10,2013,2015
Bowen Marsh,Michael Condron,10,2015,2016
Khal Drogo,Jason Momoa,10,2011,2012
Euron Greyjoy,Pilou Asbæk,9,2016,2019
Edmure Tully,Tobias Menzies,9,2013,2019
Tyene Sand,Rosabell Laurenti Sellers,9,2015,2017
Lyanna Mormont,Bella Ramsey,9,2016,2019
Robin Arryn,Lino Facioli,9,2011,2019
Renly Baratheon,Gethin Anthony,8,2011,2012
Locke,Noah Taylor,8,2013,2014
Obara Sand,Keisha Castle-Hughes,8,2015,2017
Hizdahr zo Loraq,Joel Fry,8,2014,2015
Nymeria Sand,Jessica Henwick,8,2015,2017
Septa Unella,Hannah Waddingham,8,2015,2016
Myranda,Charlotte Hope,8,2013,2016
Kovarro,Steven Cole,8,2012,2012
Tommen Baratheon,Callum Wharry,8,2011,2012
Myrcella Baratheon,Aimee Richardson,8,2011,2012
Marei,Josephine Gillan,8,2012,2019
Robert Baratheon,Mark Addy,7,2011,2011
Oberyn Martell,Pedro Pascal,7,2014,2014
Yoren,Francis Magee,7,2011,2012
Brynden 'Blackfish' Tully,Clive Russell,7,2013,2016
Olyvar,Will Tudor,7,2013,2015
Rakharo,Elyes Gabel,7,2011,2012
Bernadette,Sara Dylan,7,2012,2017
Walder Frey,David Bradley,6,2011,2017
Benjen Stark,Joseph Mawle,6,2011,2017
Orell,Mackenzie Crook,6,2013,2013
Areo Hotah,Deobia Oparei,6,2015,2016
Septa Mordane,Susan Brown,6,2011,2011
Black Walder Rivers,Tim Plester,6,2013,2016
Qotho,Dar Salim,6,2011,2011
Dontos Hollard,Tony Way,6,2012,2014
Myrcella Baratheon,Nell Tiger Free,6,2015,2016
Anguy,Philip McGinley,6,2013,2013
High Septon,Paul Bentley,6,2013,2015
Alys Karstark,Megan Parkinson,6,2016,2019
Night's Watch Officer,Dennis McKeever,6,2011,2013
Viserys Targaryen,Harry Lloyd,5,2011,2011
Jory Cassel,Jamie Sives,5,2011,2011
Lysa Arryn,Kate Dickie,5,2011,2014
Mance Rayder,Ciarán Hinds,5,2013,2015
Craster,Robert Pugh,5,2012,2013
Doran Martell,Alexander Siddig,5,2015,2016
Xaro Xhoan Daxos,Nonso Anozie,5,2012,2012
Randyll Tarly,James Faulkner,5,2016,2017
Robett Glover,Tim McInnerny,5,2016,2017
Rickard Karstark,John Stahl,5,2012,2013
Dagmer Cleftjaw,Ralph Ineson,5,2012,2012
Walda Bolton,Elizabeth Webster,5,2014,2016
Trystane Martell,Toby Sebastian,5,2015,2016
The Night King,Vladimir 'Furdo' Furdik,5,2016,2019
Archmaester Ebrose,Jim Broadbent,4,2017,2017
Tycho Nestoris,Mark Gatiss,4,2014,2017
Balon Greyjoy,Patrick Malahide,4,2012,2016
Pyat Pree,Ian Hanmore,4,2012,2012
Styr,Yuri Kolokolnikov,4,2014,2014
Yezzan zo Qaggaz,Enzo Cilenti,4,2015,2016
Karl Tanner,Burn Gorman,4,2013,2014
Ilyn Payne,Wilko Johnson,4,2011,2012
Marillion,Emun Elliott,4,2011,2011
Dickon Tarly,Tom Hopper,4,2017,2017
Qhorin Halfhand,Simon Armstrong,4,2012,2012
Lothar Frey,Daniel Tuite,4,2016,2016
Rorge,Andy Beckwith,4,2012,2014
Lommy Greenhands,Eros Vlahos,4,2011,2012
Matthos Seaworth,Kerr Logan,4,2012,2012
Armeca,Sahara Knite,4,2011,2012
Royal Steward,Robert Sterne,4,2011,2011
Black Lorren,Forbes KB,4,2012,2012
Amory Lorch,Fintan McKeown,4,2012,2012
Biter,Gerard Jordan,4,2012,2014
Young Ned,Robert Aramayo,4,2016,2017
Baby Sam,William Nevan Wilson,4,2016,2017
Baby Sam,James Robert Wilson,4,2016,2017
Timett,Tobias Winter,4,2011,2012
Steelshanks Walton,Jamie Michie,4,2013,2013
Izembaro,Richard E. Grant,3,2016,2016
Lady Crane,Essie Davis,3,2016,2016
Spice King,Nicholas Blane,3,2012,2012
Three-Eyed Raven,Max von Sydow,3,2016,2016
Syrio Forel,Miltos Yerolemou,3,2011,2011
Harrag,Brendan Cowell,3,2017,2017
Salladhor Saan,Lucian Msamati,3,2012,2014
Daario Naharis,Ed Skrein,3,2013,2013
Greatjon Umber,Clive Mantle,3,2011,2011
Camello,Kevin Eldon,3,2016,2017
Harald Karstark,Paul Rattray,3,2016,2016
Giant Wight #2,Neil Fingleton,3,2014,2017
Leaf,Kae Alexander,4,2016,2016
Bobono,Leigh Gill,3,2016,2016
Razdal mo Eraz,George Georgiou,3,2013,2016
Lhara,Sarine Sofair,3,2014,2015
Clarenzo,Rob Callender,3,2016,2016
Thenn Warg,Joseph Gatt,3,2014,2014
Mirri Maz Duur,Mia Soteriou,3,2011,2011
Polliver,Andy Kellegher,3,2012,2014
Alton Lannister,Karl Davies,3,2012,2012
Khal Moro,Joseph Naufahu,3,2016,2016
Ned Umber,Harry Grasby,3,2017,2019
Kraznys mo Nakloz,Dan Hildebrand,3,2013,2013
Mossador,Reece Noi,3,2014,2015
White Walker,Ross Mullan,3,2012,2014
Rattleshirt,Edward Dogliani,3,2012,2013
Vala,Meena Rayann,3,2015,2016
Daisy,Maisie Dee,3,2012,2012
Bathhouse Prostitute,Samantha Bentley,3,2014,2015
Silk King,Slavko Juraga,3,2012,2012
Dothraki Bloodrider #1,Diogo Sales,3,2016,2016
Musician #1,Nanna Bryndís Hilmarsdóttir,3,2016,2016
Dothraki Bloodrider #2,Junade Khan,3,2016,2016
Musician #2,Ragnar Þórhallsson,3,2016,2016
Musician #3,Arnar Rosenkranz Hilmarsson,3,2016,2016
Musician #4,Brynjar Leifsson,3,2016,2016
Loyal Night's Watchman #2,Robert Fawsitt,3,2016,2016
Musician #5,Kristján Kristjánsson,3,2016,2016
King's Landing Whore,Xena Avramidis,3,2014,2015
Dothraki Woman Having Sex,Portia-Valis Volkova,3,2015,2016
Aggo,Chuku Modu,3,2016,2016
Frances,Annette Hannah,3,2016,2017
Brothel Patron #5,Derek Dubery,3,2015,2019
Hallyne,Roy Dotrice,2,2012,2012
Harry Strickland,Marc Rissmann,2,2019,2019
Illyrio Mopatis,Roger Allam,2,2011,2011
Lem Lemoncloak,Jóhannes Haukur Jóhannesson,2,2016,2016
Smalljon Umber,Dean Jagger,2,2016,2016
Martha,Bronte Carmichael,2,2019,2019
Mord,Ciaran Bermingham,2,2011,2011
Aeron Greyjoy,Michael Feast,2,2016,2016
Dim Dalba,Murray McArthur,2,2015,2016
Belicho Paenymion,Eddie Jackson,2,2016,2016
Fergus,Seamus O'Hara,2,2019,2019
Gatins,Ricky Champ,2,2016,2016
Teela,Bea Glancy,2,2019,2019
Old Nan,Margaret John,2,2011,2011
The Night King,Richard Brake,3,2014,2016
Morgan,Ian Davies,2,2016,2016
Woman with Elderly Parents,Lucy McConnell,2,2019,2019
Gregor 'The Mountain' Clegane,Conan Stevens,2,2011,2011
Malko,Adewale Akinnuoye-Agbaje,2,2015,2015
Thin Man,Oengus MacNamara,2,2015,2015
Lothar Frey,Tom Brooke,2,2013,2013
Bianca,Eline Powell,2,2016,2016
Vardis Egen,Brendan McCormack,2,2011,2011
Shagga,Mark Lewis Jones,2,2011,2011
Quaithe,Laura Pradelska,2,2012,2012
Margaery Tyrell Mummer,Eva Butterly,2,2016,2016
Old Woman,Stella McCusker,2,2015,2015
Baby Sam,Logan Watson,2,2019,2019
Hugh of the Vale,Jefferson Hall,2,2011,2011
Morag,Deirdre Monaghan,2,2014,2014
Todder,Will O'Connell,2,2013,2015
Johnna,Ali Lyons,2,2015,2015
Willa,Karla Lyons,2,2015,2015
Lady Kitty Frey,Lucy Hayes,2,2016,2017
Baby Sam,Finn Watson,2,2019,2019
Lyanna Stark,Aisling Franciosi,2,2016,2017
Village Woman,Eileen McCloskey,2,2019,2019
Farlen,Peter Ballance,2,2012,2012
Donnel Waynwood,Alisdair Simpson,2,2014,2014
Drennan,David Coakley,2,2012,2012
Sissy,Jane McGrath,2,2014,2014
Dosh khaleen High Priestess,Souad Faress,2,2016,2016
Zanrush,Gerald Lepkowski,2,2016,2016
King's Landing Whore,Emily Diamond,2,2011,2011
Ornela,Hannah John-Kamen,2,2016,2016
Young Nan,Annette Tierney,2,2016,2016
Kurleket,Kevin Keenan,2,2011,2011
Winterfell Shepherd,Donagh Deeney,2,2012,2012
The Tickler,Anthony Morris,2,2012,2012
Ghita,Hattie Gotobed,2,2015,2015
Wyllis,Sam Coleman,2,2016,2016
Morgan,Chris Reilly,2,2012,2014
Greizhen mo Ullhor,Cliff Barry,2,2013,2013
Mole's Town Whore,Lois Winstone,2,2014,2014
Willis Wode,Ryan McKenna,2,2011,2011
Jacks,Paul Caddell,2,2012,2012
Goldcloak,Sam Callis,2,2012,2012
King's Landing Rioter #1,Reg Wayment,2,2012,2012
Ternesio Terys,Gary Oliver,2,2014,2015
Moro's Wife #2,Fola Evans-Akingbola,2,2016,2016
Master Torturer,Michael Shelford,2,2013,2013
Great Master #1,Emilio Doorgasingh,2,2014,2014
Young Ned Stark,Sebastian Croft,2,2016,2016
Young Rodrik Cassel,Fergus Leathem,2,2016,2016
Mhaegen,Antonia Christophers,2,2011,2012
nan,Will Fortune,2,2014,2015
Mole's Town Madam,Lu Corfield,2,2014,2014
Lannister Captain,Aiden Condron,2,2012,2012
Quent,Aidan Crowe,2,2012,2012
Young Benjen Stark,Matteo Elezi,2,2016,2016
Dothraki Widow #1,Angelique Fernandez,2,2016,2016
Stark Guard,David Sheehan,2,2012,2012
Mummer #2,Glen Barry,2,2016,2016
Kayla,Pixie Le Knot,2,2013,2014
Manservant,Conor Watters,2,2014,2014
Mummer #3,Brendan O'Rourke,2,2016,2016
Tobho Mott,Andrew Wilde,2,2011,2012
Mummer #4,Ross Anderson-Doherty,2,2016,2016
Night's Watchman #1,Michael Hayes,2,2016,2016
Dothraki Widow #2,Wuese Houston-Jibo,2,2016,2016
Willem Lannister,Timothy Gibbons,2,2013,2013
Baratheon Soldier #2,Jason McLaughlin,2,2015,2015
Loyal Night's Watchman #1,Steve Cash,2,2016,2016
Night's Watchman #2,Tony Flynn,2,2016,2016
Night's Watchman,Michael Hooley,2,2016,2016
The Mother,Em Scribbler,2,2015,2015
Male Prostitute,Dennis Stokes,2,2012,2012
The Maiden,Rebecca Scott,2,2015,2015
The Crone,Rosie Ruthless,2,2015,2015
Arthur,Nathanael Saleh,2,2016,2016
Little Bird #4,Jesse Magee,2,2016,2016
Little Bird #3,Michael Nevin,2,2016,2016
Little Bird #6,Lucy Gallagher,2,2016,2016
Little Bird #5,Iona Clarke,2,2016,2016
Little Bird #7,Fionn Kernan,2,2016,2016
Three-Eyed Raven,Struan Rodger,2,2014,2014
Joyeuse Frey,Kelly Long,2,2011,2013
Tyrell Lady,Sophie Reid,2,2013,2013
Tommy,Tommy Dunne,2,2011,2014
Leo Lefford,Vinnie McCabe,2,2011,2011
Ironborn #2,Robert Render,2,2011,2016
Brother Ray,Ian McShane,1,2016,2016
Nora,Laura Elphinstone,1,2019,2019
Xela,Alexis Raben,1,2019,2019
Lannister Soldier,Matthew Wolf,1,2019,2019
Karsi,Birgitte Hjort Sørensen,1,2015,2015
Nora's Daughter,Tipper Seifert-Cleveland,1,2019,2019
Singing Lannister Soldier,Stephen Swift,1,2012,2012
Northern Sentry,Frank Blake,1,2019,2019
Dying Man,Barry McGovern,1,2014,2014
Loboda,Zachary Baharov,1,2015,2015
Lannister Soldier,Ryan McKen,1,2019,2019
Stark Soldier,Danny Kirrane,1,2017,2017
Unsullied Captain,Gabriel Akuwudike,1,2019,2019
Lannister Soldier,Owen Whitelaw,1,2019,2019
Imry Florent,Gordon Mahon,1,2012,2012
Captain of the Bolton Archers,Rory Mullen,1,2016,2016
Koner,Joseph Quinn,1,2017,2017
Ironborn Lord,Noel Harron,1,2019,2019
Young Woman,Rori Hawthorn,1,2019,2019
Mandon Moore,James Doran,1,2012,2012
Bolton General,Mark Tankersley,1,2016,2016
Northerner in Alley,Oliver Devoti,1,2019,2019
Dornish Prince,Toby Osmond,1,2019,2019
Jhiqui,Sarita Piotrowski,1,2011,2011
Baratheon Officer,Kieran Cunningham,1,2012,2012
Northman Rider,David Birkbeck,1,2016,2016
Melessa Tarly,Samantha Spiro,1,2016,2016
Winterfell Local,Breige Roche,1,2017,2017
Riverlands Lord,Andrew Bicknell,1,2019,2019
Lannister Soldier,Jim Tighe,1,2019,2019
Will,Bronson Webb,1,2011,2011
Captain of the Archers,Michael Grennell,1,2012,2012
Lord of Bones,Ross O'Hennessy,1,2015,2015
Northman Archer,Paul Garrett,1,2016,2016
Stark Soldier,Eamonn Keenan,1,2017,2017
Lord Une,Michael Benbaruk,1,2019,2019
Mycah,Rhodri Hosking,1,2011,2011
Jon Arryn,John Standing,1,2011,2011
Mero,Mark Killeen,1,2013,2013
Vale Lord,Frank Jakeman,1,2019,2019
Lannister Soldier,Luke McQuillan,1,2019,2019
Waymar Royce,Rob Ostlere,1,2011,2011
Prendahl na Ghezn,Ramon Tikaram,1,2013,2013
Goatherd,Philip Arditti,1,2014,2014
Northern Lord,Niall Bishop,1,2019,2019
King's Landing Citizen,Nicky Harley,1,2019,2019
Gared,Dermot Keaney,1,2011,2011
Catspaw Assassin,Lalor Roddy,1,2011,2011
Maester Cressen,Oliver Ford Davies,1,2012,2012
Septon,Kenneth Hadley,1,2013,2013
First Mate,Rhodri Miles,1,2014,2014
Citadel Maester,Julian Firth,1,2017,2017
Wight at Table,Javier Botet,1,2019,2019
King's Landing Citizen,Hayley McQuillan,1,2019,2019
Crying Man,Pádraig O'Grady,1,2019,2019
Lannister Guard,Conor Delaney,1,2011,2011
Maggy,Jodhi May,1,2015,2015
The Waif's Disguise,Margaret Jackman,1,2016,2016
Citadel Maester,Philip O'Sullivan,1,2017,2017
Lannister Soldier,Adam Devereux,1,2019,2019
Lannister,Eoin Duffy,1,2019,2019
Roslin Frey,Alexandra Dowling,1,2013,2013
Anya Waynwood,Paola Dionisotti,1,2014,2014
Bathhouse Prostitute,Samantha McEwan,1,2014,2014
Braavosi Captain,Morgan C. Jones,1,2015,2015
Ironborn #1,Darrell D'Silva,1,2016,2016
Westerosi Trader,Kevin Horsham,1,2016,2016
Street Red Priestess Meereen,Melanie Liburd,1,2016,2016
Goldcloak,Laurence Spellman,1,2017,2017
nan,Conor Maguire,1,2019,2019
Lannister Soldier,Thomas Martin,1,2019,2019
Willa,Alice Nokes,1,2019,2019
nan,Shane Whisker,1,2019,2019
Old Man,Sean Buckley,1,2013,2013
Yunkai'i Whore,Talitha Luke-Eardley,1,2013,2013
Ironborn in Skiff,Michael Hough,1,2014,2014
Black Armored White Walker,Tim Loane,1,2015,2015
Slaver,Michael Yare,1,2015,2015
Bear Island Maester,Louis Rolston,1,2016,2016
Rhaegar Targaryen,Wilf Scolding,1,2017,2017
Fergus' Friend,Thomas Finnegan,1,2019,2019
Sarra,Danielle Galligan,1,2019,2019
Lannister Soldier,Brian Patrick Kennedy,1,2019,2019
Villager 1,Lorcan Strain,1,2019,2019
Wine Merchant,Simon Lowe,1,2011,2011
Frey Guard,A.J. Kennedy,1,2013,2013
Prisoner,Marko Jelic,1,2014,2014
Great Master #1,Gianpiero Cognoli,1,2015,2015
Joss,James McKenzie Robinson,1,2015,2015
Volantene Whore #1,Katie Alexander Thom,1,2016,2016
High Septon Maynard,Tom Chadbon,1,2017,2017
King's Landing Citizen,Luna Kalo,1,2019,2019
Winterfell Girl,Emer McDaid,1,2019,2019
nan,Ella-Rose Sands,1,2019,2019
Pentoshi Servant,Rania Zouari,1,2011,2011
High Septon,David Verrey,1,2012,2012
Merry Frey,Grace Hendy,1,2013,2013
Bolton Guard,Anthony Boyle,1,2014,2014
Ralf Kenning,Grahame Fox,1,2014,2014
Pit Announcer,Nicholas Boulton,1,2015,2015
Street Red Priestess Volantis,Rila Fukushima,1,2015,2015
Winter Town Man,Raymond Keane,1,2015,2015
Northman Rioter,Jed Murray,1,2016,2016
Tully Bannerman,Sam Redford,1,2016,2016
Aerys Targaryen,David Rintoul,1,2016,2016
Crayah,Lucy Aarden,1,2019,2019
King's Landing Citizen,Caitlin Pharro,1,2019,2019
Varly,Graham Charles,1,2011,2011
Goldcloak,Alan Paris,1,2011,2011
Hog Farmer,Pat McGrath,1,2013,2013
Elder Meereen Slave,Philip Philmar,1,2014,2014
Great Master #2,Bobby Asghar,1,2015,2015
Wildling Rioter,Michael Patrick,1,2016,2016
Dickon Tarly,Freddie Stroma,1,2016,2016
Crossroads Inn Patron,Ben Fox,1,2017,2017
Stark Soldier,Luke Wilson Hanley,1,2017,2017
Lannister General,Guy Oliver-Watts,1,2017,2017
Lannister Soldier,Ed Sheeran,1,2017,2017
'Littlefinger' Winterfell Spy,Adele Smyth-Kennedy,1,2017,2017
Northman,Robbie Beggs,1,2019,2019
Dirah,Marina Lawrence-Mahrra,1,2019,2019
King's Landing Citizen,Louis McCartney,1,2019,2019
nan,Fionnuala Murphy,1,2019,2019
White Walker #2,Spencer Wilding,1,2011,2011
Lannister Guard,Sam Mackay,1,2012,2012
Drowned Priest,Jonathan Ryan,1,2012,2012
Theon's Master of Hounds,Steve Wilson,1,2012,2012
Fennesz,Trevor Allan Davies,1,2014,2014
Tansy,Jazzy De Lisser,1,2014,2014
Goatherd's Son,Gian Sanghera-Warren,1,2014,2014
Braavosi Madam,Lacy Moore,1,2015,2015
Merchant Captain,Gary Pillai,1,2015,2015
Great Master #3,Peter Silverleaf,1,2015,2015
Talla Tarly,Rebecca Benson,1,2016,2016
King's Landing Boaster,Dylan Edwards,1,2016,2016
Lannister Soldier,Matt Faris,1,2016,2016
Ash,Yousef 'Joe' Sweid,1,2016,2016
Crossroads Inn Patron,Mark Roper,1,2017,2017
Lannister Soldier,Thomas Turgoose,1,2017,2017
,Rosa Frazer,1,2019,2019
King's Landing Citizen,Rosie McClelland,1,2019,2019
nan,Roma Tomelty,1,2019,2019
Dothraki Crone,Amira Ghazalla,1,2011,2011
Jaremy Rykker,Jeffrey O'Brien,1,2011,2011
Wight Wildling Girl,Claire Wright,2,2011,2014
Captain's Daughter,Amy Dawson,1,2012,2012
Rennick,David Fynn,1,2012,2012
Wendel Manderly,Oddie Braddell,1,2013,2013
nan,Mackenzie Dean,1,2014,2014
Adrack Humble,Jody Halse,1,2014,2014
Morgan's Friend,Stuart Martin,1,2014,2014
Young Braavosi,Jack Hickey,1,2015,2015
Great Master #4,Davor Jozinovic,1,2015,2015
Lead Dornish Guard,Christian Vit,1,2015,2015
Moro's Wife #1,Rubi Ali,1,2016,2016
Kesh,Michael Heath,1,2016,2016
Ironborn at Brothel,Neil Keery,1,2016,2016
Riddell,Ross McKinney,1,2016,2016
Lannister Soldier,Billy Postlethwaite,1,2017,2017
nan,Claire Connor,1,2019,2019
King's Landing Citizen,Isaac Heslip,1,2019,2019
Joss,Niall Cusack,1,2011,2011
Drunk Patron,Paul Portelli,1,2011,2011
Torrhen Karstark,Tyrone McElhennon,1,2012,2012
Drummer,Will Champion,1,2013,2013
Great Master #5,Ivan Peric,1,2015,2015
Kinvara,Ania Bukstein,1,2016,2016
Steve,Steve Love,1,2016,2016
Volantene Whore #2,Heidi Romanova,1,2016,2016
Tyrell Bannerman,Raül Tortosa,1,2016,2016
Lannister Guard,Adam Slynn,1,2017,2017
Winter Town Boy,Felix Jamieson,1,2019,2019
Lannister Soldier,Jack Morgan,1,2019,2019
Tomard,Phil Dixon,1,2011,2011
Stiv,Stephen Don,1,2011,2011
King's Landing Baker,Edward Mercieca,1,2011,2011
Goldcloak #1,Nikovich Sammut,1,2011,2011
Karstark Soldier #1,Neill Fleming,1,2012,2012
Lordsport Dockhand,Jer O'Leary,1,2012,2012
Bolton Soldier,Bryan Quinn,1,2013,2013
Leaf,Octavia Selena Alexandru,1,2014,2014
Vance Corbray,Richard Doubleday,1,2014,2014
Valyrian Slave,Robert Goodman,1,2014,2014
Axell Florent,James McHale,1,2014,2014
Innkeeper,Martin Walsh,1,2014,2014
Great Master #6,Hadi Kermani,1,2015,2015
Lannister Soldier,Brahm Gallagher,1,2016,2016
Khal Forzho,Tamer Hassan,1,2016,2016
Volantene Whore #3,Danielle Claire Jenner,1,2016,2016
Winter Town Woman,Syd Ralph,1,2019,2019
Goldcloak #2,Seamus Kelly,1,2011,2011
Night's Watchman,Marcus Lamb,1,2011,2011
Little Bird,Tristan Mercieca,1,2011,2011
Knight of House Lynderly,Paddy Rocks,1,2011,2011
Old Woman Prisoner,Gina Moxley,1,2012,2012
Mirelle,Elisa Lasowski,1,2013,2013
Sorcerer,Harold James McMullan,1,2013,2013
Unsullied,Karl Jackson,1,2014,2014
Lord Blackmont,Daniel Rabin,1,2014,2014
Great Master #7,Tonci Banov,1,2015,2015
Brothel Guard,Mishaël Lopes Cardozo,1,2015,2015
Faith Militant #1,Simon Norbury,1,2015,2015
Volantene Whore #4,Ella Hughes,1,2016,2016
The Waif's Disguise,Adam Turns,1,2016,2016
Stevron Frey,Colin Carnegie,1,2011,2011
Eon Hunter,Barrington Cullen,1,2011,2011
Gerald,Ken Fletcher,1,2012,2012
Boat Commander,Michael Power,1,2013,2013
Musician #1,Jon Thor Birgisson,1,2014,2014
Goatherd,Darren Kent,1,2014,2014
Kegs,Tim Landers,1,2014,2014
Derek,Ian Lloyd Anderson,1,2015,2015
Lollys Stokeworth,Elizabeth Cadwallader,1,2015,2015
Despondent Man,David Garlick,1,2015,2015
Faith Militant #2,Jack Olohan,1,2015,2015
Volantene Whore #5,Zoi Gorman,1,2016,2016
Winter Town Woman,Katie Tumelty,1,2019,2019
Ryger Rivers,Bryan McCaugherty,1,2011,2011
Night's Watch Deserter,Barry O'Connor,1,2011,2011
King's Landing Rioter #2,Marko Juraga,1,2012,2012
Colen of Greenpools,Darren Killeen,1,2012,2012
Wounded Lannister,Emmet O'Riabhaigh,1,2012,2012
Protestor,Edward Tudor-Pole,1,2012,2012
Margaery's Handmaiden,Aisling Jarrett-Gavin,1,2013,2013
Frey Soldier #1,Ciaran O'Grady,1,2013,2013
Riverlands Traveller,Joe Purcell,1,2013,2013
Musician #2,Orri P. Dyrason,1,2014,2014
Black Jack Bulwer,Cormac McDonagh,1,2014,2014
Ser Endrew Tarth,Dez McMahon,1,2014,2014
Craster's Wife #2,Aeryn Walker,1,2014,2014
Brant,Jonathan Byrne,1,2015,2015
Faceless Man,Cedric Henderson,1,2015,2015
Sellsword #1,Matt McArdle,1,2015,2015
Second Son,Slavko Sobin,1,2015,2015
Rickard Stark,Wayne Foskett,1,2016,2016
Ironborn Abusing a Volantene Whore,Billy King,1,2016,2016
Poisoned Frey,Paul Ward,1,2017,2017
King's Landing Urchin,Stephen Grech,1,2011,2011
Beric Dondarrion,David Michael Scott,1,2011,2011
Tortured Prisoner,Donal Gallery,1,2012,2012
Karstark Soldier #2,Duncan Lacroix,1,2012,2012
King's Landing Rioter #3,Rea Separovic,1,2012,2012
Orphan Kid,Max Barber,1,2013,2013
Karstark Lookout,Shaun Blaney,1,2013,2013
King's Landing Tailor,Joe Cassidy,1,2013,2013
Frey Soldier #2,Michael Liebmann,1,2013,2013
Musician #3,Georg Holm,1,2014,2014
Craster's Wife #3,Cheryl Lester,1,2014,2014
Farmer Hamlet,Finbar Lynch,1,2014,2014
Mully,Andy Moore,1,2014,2014
Tyrell Guard,Nikola Bace,1,2015,2015
Sellsword #2,Eddie Elks,1,2015,2015
Lannister Guard #1,Danny O'Connor,1,2015,2015
Lead Kingsguard,Paddy Wallace,1,2015,2015
Arthur Dayne,Luke Roberts,1,2016,2016
Frey Lord,Brendan Morrissey,1,2017,2017
Reginald Lannister,Patrick FitzSymons,1,2012,2012
Brothel Customer,Derek Reid,1,2012,2012
Violet,Stephanie Blacker,1,2013,2013
Fruit Vendor,Alex Mileman,1,2013,2013
Tyrell Servant,Will Rastall,1,2013,2013
Warlock,Lottie Steer,1,2013,2013
King Joffrey Baratheon Dwarf,Raymond Griffiths,1,2014,2014
Wight,Alice Hewkin,1,2014,2014
Little Bird,Samuel Paul Small,1,2014,2014
Clea,Gwyneth Keyworth,1,2015,2015
Brusco,Garry Mountaine,1,2015,2015
Foreign Merchant,Allon Sylvain,1,2015,2015
Gerold Hightower,Eddie Eyre,1,2016,2016
Lannister Captain,Richard Laing,1,2016,2016
Iggo,Deon Lee-Williams,1,2016,2016
Sick Maester,Eamonn Draper,1,2017,2017
Rickard Karstark,Steve Blount,1,2011,2011
Unsullied,Rhys Howells,1,2013,2013
nan,Jon Freeman,1,2014,2014
Whore #1,Kristen Gillespie,1,2014,2014
King Stannis Baratheon Dwarf,Maxwell Laird,1,2014,2014
Sailor,Dylan McDonough,1,2015,2015
Beggar Woman,Emina Muftic,1,2015,2015
Denys Mallister,J.J. Murphy,1,2015,2015
Young Cersei Lannister,Nell Williams,1,2015,2015
Khal Brozho,Elie Haddad,1,2016,2016
Jonos Bracken,Gerry O'Brien,1,2011,2011
Stark Messenger,Moe Dunford,1,2012,2012
Jaqen's Disguise,Patrick O'Kane,1,2012,2012
Desmond Crakehall,Maro Drobnic,1,2013,2013
Guymon,Jem Wall,1,2014,2014
King Renly Baratheon Dwarf,Dean Whatton,1,2014,2014
nan,Rob Brockman,1,2015,2015
Baratheon General,Nigel O'Neill,1,2015,2015
Melara Hetherspoon,Isabella Steinbarth,1,2015,2015
Braavosi Woman #1,Kate Anthony,1,2016,2016
Khal Rhalko,Andrei Claude,1,2016,2016
Young Lyanna Stark,Cordelia Hill,1,2016,2016
Knight of House Frey,Patrick Ryan,1,2011,2011
Lannister Messenger,Simon Stewart,1,2011,2011
Lannister Torturer,Mark Byatt,1,2012,2012
Northern Lord,Pat Mooney,1,2012,2012
Stark Soldier,Michael Shaeffer,1,2012,2012
Yunkai'i Slave #1,Marin Tudor,1,2013,2013
King Robb Stark Dwarf,George Appleby,1,2014,2014
Innkeeper's Daughter,Gabrielle Dempsey,1,2014,2014
Olly's Mother,Raewyn Lippert,1,2014,2014
Street Tough #1,Tom Fava,1,2015,2015
Septa Moelle,Maggie Hayes,1,2015,2015
White Rat,Marcos James,1,2015,2015
nan,Daniel Johnson,1,2015,2015
Anara,Ollie Kram,1,2015,2015
Citadel Maester,Frank Hvam,1,2016,2016
Khal Qorro,Darius Dar Khan,1,2016,2016
Braavosi Woman #2,Sally Mortemore,1,2016,2016
Serving Girl,Kate Dempsey,1,2017,2017
Addam Marbrand,B.J. Hogg,1,2011,2011
Vayon Poole,Matthew Scurfield,1,2011,2011
Yunkai'i Slave #2,Roxana Kadyrova,1,2013,2013
Bolton Soldier,Gary Lightbody,1,2013,2013
King Balon Greyjoy Dwarf,Krysten Coombs,1,2014,2014
Whore #2,Maria Sikavica,1,2014,2014
nan,Richard Fitzwell,1,2015,2015
Strong Sam Stone,Allan Gildea,1,2015,2015
Septa Scolera,Mary Jordan,1,2015,2015
Mallister Supporter,Derek Lord,1,2015,2015
Brea,Gemita Samarra,1,2015,2015
Masha Heddle,Susie Kelly,1,2011,2011
Stark Guard,Faolan Morgan,1,2011,2011
Night's Watch Messenger,Frank O'Sullivan,1,2011,2011
Septon,Terry Byrne,1,2012,2012
Qartheen Woman,Kristina Krepela,1,2012,2012
Craster's Wife,Michelle Costello,1,2013,2013
Yunkai'i Slave #3,Jamal Ouarraq,1,2013,2013
Eyrie Guard,Paul Kennedy,1,2015,2015
Whore,Irma Mali,1,2015,2015
Brothel Customer,Ben Yates,1,2015,2015
Night's Watchman #2,Ruairí Heading,1,2016,2016
Lannister Soldier,Ciaran McMahon,1,2012,2012
Yunkai'i Slave #4,El Hasani,1,2013,2013
Craster's Younger Wife,Lisa Walsh,1,2013,2013
Sparring Boy,Stephen Brown,1,2015,2015
Street Tough #2,Winston Davis,1,2015,2015
Aya,Aifric O'Donnell,1,2015,2015
Brothel Child #1,Ella Tweed,1,2015,2015
Bolton Officer,Andrew Bryan,1,2016,2016
Lannister Scout,Chris Gallagher,1,2011,2011
Rhaego,Wren Ros Elliot-Sloan,1,2012,2012
Yunkai'i Slave #5,Mustapha Mekanassi,1,2013,2013
Maester Helliweg,Joe Hewetson,1,2015,2015
Brothel Child #2,Isabelle Jones,1,2015,2015
Inn Waitress,Irene Kelleher,1,2015,2015
Lannister Guard #2,Fiach Kunz,1,2015,2015
Handmaid,Sabrina Bartlett,1,2016,2016
Bolton Soldier,Tristan Heanue,1,2016,2016
Ironborn #3,James Lecky,1,2016,2016
Stark Guard,Rick Burn,1,2011,2011
Genna,Kylie Harris,1,2013,2013
Son of the Harpy,Curtis-Lee Ashqar,1,2015,2015
Baratheon Soldier #1,David Fennelly,1,2015,2015
Lannister Guard #3,Michael Johnston,1,2015,2015
Meereenese Homeless Mother,Sabina Arthur,1,2016,2016
Tommen's Attendant,Dermot Ward,1,2016,2016
Red Keep Stableboy,Hugo Culverhouse,1,2011,2011
Night's Watchman,Patrick J Molloy,1,2014,2014
Dwarf Hunter #1,Jonathan Gunning,1,2015,2015
Maester Caleotte,Colin Azzopardi,1,2016,2016
Tommen's Manservant,Aron Hegarty,1,2016,2016
Chella,Natalia Lee,1,2012,2012
Gordy,Tristan McConnell,1,2015,2015
Dwarf Hunter #2,Alan McKee,1,2015,2015
Wyman Manderly,Sean Blowers,1,2016,2016
Lord Portan,Gordon Fulton,1,2012,2012
Farmer's Daughter,Trixiebell Harrowell,1,2014,2014
Simpson,Laurence O'Fuarain,1,2015,2015
Cley Cerwyn,Tom Varey,1,2016,2016
Tourney Herald,Marko Cindric,1,2012,2012
Tortured Slave,Mark Drake,1,2013,2013
Woodcutter,Ralph Clemente,1,2015,2015
Dothraki Man Having Sex,Oliver Stockwell,1,2016,2016
King's Landing Drunkard,Anthony John Crocker,1,2015,2015
Great Master #2,Derek Horsham,1,2014,2014
King's Landing Whore,Kirsty Nicholls,1,2015,2015
Meereen Slave,Joshua Sher,1,2014,2014
King's Landing Flasher #1,Munro Graham,1,2015,2015
King's Landing Flasher #2,Ben Kelly,1,2015,2015
Cersei Body Double,Rebecca Van Cleave,1,2015,2015
The Bear,Bart the Bear,1,2013,2013
Night's Watch Officer,Michael Stuart,19,2013,2019
Baratheon Soldier,Graeme Peacock,11,2012,2017
Baratheon Soldier,Mark Quigley,11,2014,2019
Stark Soldier,Andrew McClay,10,2015,2019
Night's Watch,Bobby Marno,10,2015,2017
Baratheon Soldier,James Bleakney,9,2013,2016
Ironborn,Logan Bruce,6,2013,2019
Brotherhood Member,Tyrone Kearns,6,2013,2016
Knight of the Vale,Micheal Fitzgerald,6,2016,2019
Unsullied,Stephen Presley,6,2019,2019
Unsullied,Andrew Watson,6,2019,2019
Northern Lord,Robert Brown,5,2015,2019
Knight,Frédéric André,4,2011,2016
Craster's Wife,Kristy Robinson,4,2012,2015
Wildling,Jessica Odell,4,2015,2016
Stark Archer,Patrick Kelly,4,2016,2019
King's Landing Nobleman,Frank Cannon,3,2015,2016
Dothraki woman,Mariola Sanz,3,2015,2016
Meereen Guard,Juan Carlos Martínez Antuña,3,2017,2017
Unsullied Soldier,Jaryd Headley,3,2019,2019
Wildling,Brian Kearns,3,2019,2019
Lord Galbart Glover,Mark Coney,2,2011,2011
Mikken,Boyd Rankin,2,2011,2011
Nobleman,Aaron Archer,2,2012,2016
Frey Wedding Guest,Darragh O'Connor,2,2013,2016
Frey Wedding Guest,Laurence Doherty,2,2013,2014
Night's Watch,Gerald McMullan,2,2014,2017
Dothraki Rider,Daniel Naprous,2,2014,2017
King's Landing Handmaiden,Niamh Lennon,2,2014,2014
Mole's Town Whore,Marion McDowell,2,2014,2014
Tyrell Cousin,Kylie Zimmer,2,2014,2014
Burning Lannister,Calvin Warrington-Heasman,2,2015,2017
Tully Soldier,Simon Millar,2,2015,2016
Wildling,Jessica Stevenson,2,2015,2015
Karstark Soldier,Peter Rooney,2,2016,2019
Bolton Infantry,Kevin-Barry Brown,2,2016,2016
Kingsland Taverner,Michael William Burns,2,2016,2016
Braavosi Theatre Server,Tamsin Greene Barker,2,2016,2016
Braavosi Theatre Sound Artist,Kiran Shah,2,2016,2016
Meereen Guard,Hugh Yeaman,2,2016,2016
Captured Wight,Michael Byrch,2,2017,2017
Lady of Winterfell,Canan Avsar,2,2019,2019
Dothraki Rider,Spencer Collings,2,2019,2019
Baratheon Guard,Phil Barnhill,1,2011,2011
Prostitute,Caroline Davis,1,2011,2011
Winterfell Beekeeper,Owen Dickey,1,2011,2011
Mago,Ivailo Dimitrov,1,2011,2011
Lady of Eyrie Landing (2011),Bernadette Dobbin,1,2011,2011
Peasant,Melissa Reid,1,2011,2011
Lannister Guard,James Tolcher,1,2011,2011
King's Guard,Robert Yates,1,2011,2011
Baratheon Archer,Robert Atkinson,1,2012,2012
Wight,Noel Cecil,1,2012,2012
Black Knight,Jonathan Cohen,1,2012,2012
Lannister Archer,Hugh Irvine,1,2012,2012
Weasel,Paul Kealyn,1,2012,2012
Selyse Baratheon,Sarah Mac Keever,1,2012,2012
Young Nobleman,Filip Lozic,1,2012,2012
Stark Guard,Paul Monahan,1,2012,2012
Craster's Daughter,Ginger A. Taylor,1,2012,2012
Riverrun Nobleman,Matt Butcher,1,2013,2013
Marianne Frey,Katie Creaven,1,2013,2013
Musician,Kevin McCann,1,2013,2013
Hoster Tully,Christopher Newman,1,2013,2013
Bathhouse Boy,Niall O'Donnell,1,2013,2013
Khaleesi Handmaiden #1,Rachel Puchkoff,1,2013,2013
Yunkai Citizen,Mustapha Rachidi,1,2013,2013
Dothraki,Omar Youssef,1,2013,2013
Noble Man,Neil Baltus,1,2014,2014
Waitress,Emma Bryant,1,2014,2014
Cooper,Joe Claflin,1,2014,2014
Dragonstone waiter,Bryan Cogman,1,2014,2014
Stannis Guard,Oisin De Lange,1,2014,2014
Wedding Guest,Paul Herbert,1,2014,2014
Inn Customer,Phelim Kelly,1,2014,2014
Frey Serving Boy,Mark Kelvin Ryan,1,2014,2014
Noble Lady,Stella Lutz,1,2014,2014
Night's Watch Archer,Neil Marshall,1,2014,2014
Donnel Hill,Jack Roth,1,2014,2014
Wedding Band,Sigur Rós,1,2014,2014
Wedding Guest,C.C. Smiff,1,2014,2014
Strong Fighter,Adam Basil,1,2015,2015
Fighter,Roman Beguns,1,2015,2015
Wildling,Brann Dailor,1,2015,2015
Fighter,Rob de Groot,1,2015,2015
Wildling Archer,Jenny Edgar,1,2015,2015
Wight,Cassie Friel,1,2015,2015
Wildling,Brent Hinds,1,2015,2015
Slave,Terence Hughes,1,2015,2015
Pit Fighter,Charles Jarman,1,2015,2015
Wilding Gladiator,Danko Jordanov,1,2015,2015
Wildling,Bill Kelliher,1,2015,2015
Night's Watch Recruit,Christopher Kinkead,1,2015,2015
Wildling Archer,Chelsea Mainwaring,1,2015,2015
Wight,Barrie Martin,1,2015,2015
Wildling,Elaine O'Dwyer,1,2015,2015
Wildling,Royd Tolkien,1,2015,2015
Passerby,Kerim Topcic,1,2015,2015
Unsullied Guard,Pablo Verdejo,1,2015,2015
Volantene Whore,Raquel Arraes,1,2016,2016
Child of the Forest #1,Kristina Baskett,1,2016,2016
Child of the Forest #2,Rachelle Beinart,1,2016,2016
Tavern Maid,Elynia Betts,1,2016,2016
Volantene Whore,Susan Christie,1,2016,2016
Frey Daughter,Milly Burke Cunningham,1,2016,2016
Quinn,Oryan Landa,1,2016,2016
'That's Right' Man,Jose Mellinas,1,2016,2016
Child of the Forest #3,Casey Michaels,1,2016,2016
Volantene Whore,Sophia Smith,1,2016,2016
Healtor Troop,Gary Wales,1,2016,2016
Howland Reed,Leo Woodruff,1,2016,2016
Dothraki Rider,Charlie Barrett,1,2017,2017
Traveller,Dario Cannizzaro,1,2017,2017
Woman in King's Landing,Carolina Castellano,1,2017,2017
Wildling,Dan Euston,1,2017,2017
Lannister Guard,Christian Gimse,1,2017,2017
Lannister Soldier,Seán McGillicuddy,1,2017,2017
Night's Watch,Brendan McGivern,1,2017,2017
Tyrell Guard,Ross Moneypenny,1,2017,2017
Burning Lannister,Douglas Robson,1,2017,2017
Lannister Map Painter,Jim Stanes,1,2017,2017
Lannister Spearman,Noah Syndergaard,1,2017,2017
Unsullied,Louis Agbodo,1,2019,2019
King's Landing Citizen,Lorenzo Antonucci,1,2019,2019
Wildling #2,David Benioff,1,2019,2019
Lannister Archer,Brian Black,1,2019,2019
Alanna,Kim Chapman,1,2019,2019
Soldier,Sophie Ellis-Bextor,1,2019,2019
Ironborn #3,Dave Hill,1,2019,2019
Wight,Jack Hudson,1,2019,2019
Soldier,Richard Jones,1,2019,2019
Ironborn #1,Rob McElhenney,1,2019,2019
King's Landing Citizen,Patrick McGilligan,1,2019,2019
Stark Guard,Jesse Morris,1,2019,2019
Lannister Officer,Duncan Muggoch,1,2019,2019
Grieving Daughter,Michelle O'Flaherty,1,2019,2019
Lannister Guard,Adam Quigley-Nixon,1,2019,2019
King's Landing Citizen,Aaron Rodgers,1,2019,2019
Old Man,Derek Smith,1,2019,2019
Wildling Wight,Chris Stapleton,1,2019,2019
Ironborn #2,Martin Starr,1,2019,2019
Soldier,Vasco Temudo,1,2019,2019
Wildling #1,D.B. Weiss,1,2019,2019
Wight,Gareth Wright,1,2019,2019
