name,allegiances,death_year,book_of_death,death_chapter,book_intro_chapter,gender,nobility,got,cok,sos,ffc,dwd
Addam Marbrand,Lannister,,,,56,true,true,true,true,true,true,false
Aegon Frey (Jinglebell),None,299,3,51,49,true,true,false,false,true,false,false
Aegon Targaryen,House Targaryen,,,,5,true,true,false,false,false,false,true
Adrack Humble,House Greyjoy,300,5,20,20,true,true,false,false,false,false,true
Aemon Costayne,Lannister,,,,,true,true,false,false,true,false,false
Aemon Estermont,Baratheon,,,,,true,true,false,true,true,false,false
Aemon Targaryen (son of Maekar I),Night's Watch,300,4,35,21,true,true,true,false,true,true,false
Aenys Frey,None,300,5,,59,false,true,true,true,true,false,true
Aeron Greyjoy,House Greyjoy,,,,11,true,true,false,true,false,true,false
Aethan,Night's Watch,,,,0,true,false,false,false,true,false,false
Aggar,House Greyjoy,299,2,56,50,true,false,false,true,false,false,false
Aggo,House Targaryen,,,,54,true,false,true,true,true,false,true
Alan of Rosby,Night's Watch,300,5,4,18,true,true,false,true,true,false,true
Alayaya,None,,,,15,false,false,false,true,false,false,false
Albar Royce,Arryn,,,,38,true,true,true,false,false,true,false
Albett,Night's Watch,,,,26,true,false,true,false,false,false,false
Alebelly,House Stark,299,2,46,4,true,false,false,true,false,false,false
Alerie Hightower,House Tyrell,,,,6,false,true,false,false,true,true,false
Alesander Staedmon,Baratheon,,,,65,true,true,false,true,false,false,false
Alester Florent,Baratheon,300,4,,36,true,true,false,true,true,false,false
Alia of Braavos,None,,,,28,false,false,true,false,false,false,false
Alla Tyrell,House Tyrell,,,,6,false,true,false,false,true,true,false
Allard Seaworth,Baratheon,299,2,10,10,true,true,false,true,false,false,false
Alliser Thorne,Night's Watch,,,,19,true,false,true,true,true,false,true
Alyn,House Stark,298,3,34,12,true,false,true,false,false,false,false
Alyn Ambrose,Tyrell,,,,59,true,true,false,true,false,true,false
Alyn Estermont,Baratheon,,,,,true,true,false,true,true,false,false
Alyn Stackspear,Lannister,,,,16,true,true,false,false,false,true,false
Alys Karstark,Stark,,,,44,false,true,false,false,false,false,true
Alysane Mormont,Stark,,,,35,false,true,false,false,false,false,true
Alyx Frey,None,,,,49,true,true,false,false,true,false,false
Ambrode,Greyjoy,,,,24,true,false,false,true,false,false,false
Amory Lorch,House Lannister,299,2,47,14,true,true,false,true,false,false,false
Andar Royce,Arryn,,,,29,true,true,true,false,false,false,false
Andrew Estermont,Baratheon,,,,36,true,true,false,false,true,false,false
Andrey Dalt,Martell,,,,21,true,true,false,false,false,true,false
Andrik,Greyjoy,,,,19,true,true,false,false,false,true,false
Anguy,None,,,,30,true,false,true,false,true,false,false
Antario Jast,Lannister,,,,32,true,true,false,true,false,false,false
Anvil Ryn,None,299,3,34,34,true,false,false,false,true,false,false
Anya Waynwood,Arryn,,,,38,false,true,true,false,false,true,false
Archibald Yronwood,Martell,,,,6,true,true,false,false,false,false,true
Ardrian Celtigar,Baratheon,,,,10,true,true,false,true,true,false,false
Areo Hotah,House Martell,,,,2,true,false,false,false,false,true,true
Arianne Martell,House Martell,,,,2,false,true,false,false,false,true,true
Arneld,Lannister,,,,59,true,false,false,true,false,false,false
Arnolf Karstark,Stark,,,,3,true,true,false,false,false,false,true
Aron Santagar,Lannister,299,2,41,18,true,true,true,true,false,false,false
Arron,Night's Watch,,,,75,true,false,false,false,true,false,true
Arron Qorgyle,Martell,,,,38,true,true,false,false,true,false,false
Arryk (Guard),House Tyrell,,,,6,true,false,false,false,true,true,false
Arson,Wildling,,,,26,true,false,false,false,true,false,false
Arthor Karstark,Stark,,,,62,true,true,false,false,false,false,true
Arwyn Frey,None,,,,49,false,true,false,false,true,false,false
Arwyn Oakheart,Tyrell,,,,22,false,true,false,true,false,false,false
Arya Stark,Stark,,,,2,false,true,true,true,true,true,true
Arys Oakheart,Lannister,300,4,21,57,true,true,true,true,false,true,false
Asha Greyjoy,House Greyjoy,,,,11,false,true,false,true,false,true,true
Aurane Waters,Lannister,,,,65,true,false,false,true,false,true,false
Axell Florent,Baratheon,,,,0,true,true,false,true,true,false,true
Azzak,None,,,,2,true,true,false,false,false,false,true
Ballabar,Lannister,,,,4,true,false,false,true,false,false,false
Balon Swann,Lannister,,,,29,true,true,true,true,true,true,true
Bannen,Night's Watch,299,3,33,0,true,false,false,false,true,false,false
Barbrey Dustin,Stark,,,,26,false,true,false,false,false,false,true
Barra,None,299,2,39,35,false,false,true,false,false,false,false
Barristan Selmy,Targaryen,,,,15,true,true,true,true,true,false,true
Barsena,None,300,5,52,11,false,false,false,false,false,false,true
Barth (brewer),House Stark,,,,50,true,false,false,true,false,false,false
Bass,Night's Watch,,,,52,true,false,true,false,false,false,false
Bayard Norcross,Tyrell,,,,28,true,true,false,false,false,true,false
Bearded Ben,Night's Watch,,,,,true,false,false,false,false,true,false
Becca,House Arryn,,,,12,false,false,true,false,false,false,false
Becca the Baker,None,299,3,34,34,false,false,false,false,true,false,false
Bedwyck,Night's Watch,,,,13,true,false,false,true,true,false,true
Belaquo,None,,,,52,true,false,false,false,false,false,true
Bella,None,,,,29,false,false,false,false,true,false,false
Bellegere Otherys (courtesan),None,,,,34,false,true,false,false,false,true,false
Bellonara Otherys,None,,,,34,false,true,false,false,false,true,false
Belwas,House Targaryen,,,,63,true,false,false,true,true,false,true
Ben,None,,,,37,true,false,false,false,false,true,false
Ben Bones,None,,,,12,true,false,false,false,false,false,true
Ben Plumm,None,,,,57,true,false,false,false,true,false,true
Benedar Belmore,Arryn,,,,23,true,true,false,false,false,true,false
Benfred Tallhart,Stark,299,2,37,16,true,true,false,true,false,false,false
Benfrey Frey,None,299,5,51,51,true,true,false,false,true,false,false
Benjen Stark,Night's Watch,298,1,24,5,true,true,true,false,false,false,false
Bennet,None,300,4,31,31,true,false,false,false,false,true,false
Beric Dondarrion,None,300,4,27,42,true,true,true,false,true,false,false
Bessa (Winterfell),Stark,,,,37,false,false,true,false,false,false,false
Beth Cassel,Stark,,,,7,false,true,true,true,false,false,false
Bhakaz zo Loraq,None,,,,2,true,true,false,false,false,false,true
Big Boil,Wildling,,,,41,true,false,false,false,true,false,false
Big Walder Frey,None,,,,,true,true,true,true,false,false,true
Biter,None,300,4,37,1,true,false,false,true,false,true,false
Black Bernarr,Night's Watch,,,,18,true,false,false,false,true,false,true
Black Walder Frey,None,,,,35,true,true,false,false,true,false,false
Blane,Night's Watch,,,,23,true,false,false,true,false,false,false
Bloodbeard,None,,,,25,true,false,false,false,false,false,true
Blue Bard,House Tyrell,,,,12,true,false,false,false,false,true,false
Bonifer Hasty,Lannister,,,,65,true,true,false,true,false,true,false
Borcas,Night's Watch,,,,48,true,false,true,false,false,false,false
Boremund Harlaw,Greyjoy,,,,11,true,true,false,false,false,true,false
Boros Blount,Baratheon,,,,8,true,true,true,true,true,true,true
Borroq,Wildling,,,,0,true,false,false,false,false,false,true
Bowen Marsh,Night's Watch,,,,21,true,false,true,false,true,false,true
Bran Stark,House Stark,,,,1,true,true,true,true,true,false,true
Brandon Norrey,Stark,,,,49,true,true,false,false,false,false,true
Brenett,None,,,,49,true,false,false,false,true,false,false
Brienne of Tarth,Stark,,,,22,false,true,false,true,true,true,true
Bronn,Lannister,,,,28,true,true,true,true,true,false,false
Brown Bernarr,Night's Watch,299,3,33,23,true,false,false,true,true,false,false
Brusco,None,,,,22,true,false,false,false,false,true,true
Bryan Fossoway,Baratheon,299,2,62,42,true,true,true,true,false,false,false
Bryce Caron,Baratheon,299,2,65,29,true,true,true,true,false,false,false
Bryen,None,,,,68,true,false,false,false,true,false,false
Bryen Farring,Baratheon,300,5,62,10,true,true,false,true,false,false,true
Brynden Rivers,House Targaryen,,,,34,true,true,false,false,false,false,true
Brynden Tully,House Tully,,,,2,true,true,true,true,true,true,false
Burton Crakehall,Lannister,299,2,7,55,true,true,true,true,false,false,false
Butterbumps,House Tyrell,,,,6,true,false,false,false,true,false,false
Byam Flint,Night's Watch,299,3,33,33,true,false,false,false,true,false,false
Byan Votyris,None,,,,54,true,false,true,false,false,false,false
Byron,Arryn,,,,41,true,false,false,false,false,true,false
Cadwyn,House Lannister,,,,47,true,false,false,true,false,false,false
Caleotte,House Martell,,,,2,true,false,false,false,false,true,true
Catelyn Tully,House Stark,299,3,51,2,false,true,true,true,true,false,false
Cayn,House Stark,298,1,49,4,true,false,true,false,false,false,false
Cellador,Night's Watch,,,,48,true,false,true,false,true,false,true
Cersei Frey,None,,,,49,false,true,false,false,true,false,false
Cersei Lannister,House Lannister,,,,4,false,true,true,true,true,true,true
Chataya,None,,,,15,false,false,false,true,false,false,false
Chayle,Stark,299,2,50,9,true,false,true,true,false,false,false
Chella,Lannister,,,,56,false,false,true,true,true,false,false
Chett,Night's Watch,299,3,46,41,true,false,true,true,true,false,false
Chiggen,Lannister,298,1,42,31,true,false,true,false,false,false,false
Chiswyck,None,299,2,30,26,true,false,false,true,false,false,false
Clayton Suggs,Baratheon,,,,17,true,false,false,false,false,false,true
Clement Piper,Tully,,,,38,true,true,false,false,false,true,false
Cleos Frey,None,299,3,21,7,true,true,false,true,true,false,false
Cley Cerwyn,Stark,299,2,66,16,true,true,false,true,false,false,false
Clubfoot Karl,Night's Watch,300,5,4,0,true,false,false,false,true,false,true
Clydas,Night's Watch,,,,41,true,false,true,false,true,true,true
Cohollo,None,298,1,64,11,true,false,true,false,false,false,false
Coldhands,None,,,,46,true,false,false,false,true,false,true
Colemon,House Arryn,,,,34,true,false,true,false,true,true,false
Colen of Greenpools,House Baratheon,,,,22,true,true,false,true,false,false,false
Conn,Lannister,298,1,62,42,true,false,true,false,false,false,false
Conwy,Night's Watch,,,,6,true,false,false,true,false,false,false
Corliss Penny,Baratheon,,,,26,true,false,false,false,false,false,true
Cortnay Penrose,Baratheon,299,2,42,31,true,true,false,true,false,false,false
Cotter Pyke,Night's Watch,,,,48,true,false,false,false,true,false,false
Cragorn,House Greyjoy,300,4,29,19,true,false,false,false,false,true,false
Craster,None,299,3,33,23,true,false,false,true,true,false,false
Cregan Karstark,Stark,,,,44,true,true,false,false,false,false,true
Creighton Longbough,None,,,,4,true,false,false,false,false,true,false
Cressen,Baratheon,299,1,0,0,true,false,false,true,false,false,false
Cuger,Night's Watch,,,,,true,false,true,false,false,false,false
Cutjack,None,,,,5,true,false,false,true,false,false,false
Daario Naharis,Targaryen,,,,42,true,false,false,false,true,false,true
Dacey Mormont,Stark,299,3,51,63,false,true,true,false,true,false,false
Daemon Sand,Martell,,,,38,true,false,false,false,true,false,true
Daenerys Targaryen,House Targaryen,,,,3,false,true,true,true,true,false,true
Dagon Codd,Greyjoy,300,5,20,20,true,true,false,false,false,false,true
Dagmer,House Greyjoy,,,,11,true,false,false,true,false,false,false
Dalbridge,Night's Watch,299,2,53,43,true,false,false,true,false,false,false
Dale Seaworth,Baratheon,299,2,58,10,true,true,false,true,false,false,false
Dalla,Wildling,300,3,76,73,false,true,false,false,true,false,false
Dalla (Dragonstone),Baratheon,,,,0,false,false,false,true,false,false,false
Damon Dance-for-Me,None,,,,12,true,false,false,false,false,false,true
Damon Vypren,None,,,,49,true,true,false,false,true,false,false
Dancy,None,,,,29,false,false,false,true,false,false,false
Danwell Frey,None,,,,59,true,true,true,true,true,true,false
Dareon,Night's Watch,300,4,34,19,true,false,true,false,false,true,false
Daryn Hornwood,Stark,298,1,63,63,true,true,true,false,false,false,false
Daven Lannister,House Lannister,,,,12,true,true,false,false,false,true,false
Davos Seaworth,Baratheon,,,,0,true,true,false,true,true,false,true
Del,Wildling,299,3,41,41,true,false,false,false,true,false,false
Delp,House Tully,299,3,20,39,true,false,false,true,true,false,false
Denys Drumm,Greyjoy,,,,19,true,true,false,false,false,true,false
Denys Mallister,Night's Watch,,,,48,true,true,false,false,true,false,false
Dermot,Baratheon,,,,65,true,false,false,true,false,true,false
Desmond,House Stark,298,1,50,1,true,false,true,false,false,false,false
Desmond Grell,Tully,,,,7,true,true,false,true,true,true,false
Devan Seaworth,Baratheon,,,,10,true,true,false,true,true,false,true
Deziel Dalt,Martell,,,,38,true,true,false,false,true,false,true
Dhazzar,None,,,,2,true,true,false,false,false,false,true
Dick Crabb,None,300,4,20,9,true,false,false,false,false,true,false
Dick Follard,Night's Watch,299,3,55,41,true,false,false,false,true,false,false
Dickon Manwoody,Martell,,,,38,true,true,false,false,true,false,false
Dirk,Night's Watch,300,5,4,0,true,false,false,false,true,false,true
Dobber,None,299,2,14,5,true,false,false,true,false,false,false
Donal Noye,Night's Watch,300,3,64,19,true,false,true,true,true,false,false
Donella Hornwood,Stark,299,2,35,16,false,true,false,true,false,false,false
Donnel Drumm,Greyjoy,,,,19,true,true,false,false,false,true,false
Donnel Haigh,None,,,,49,true,true,false,false,true,false,false
Donnel Hill,Night's Watch,,,,0,true,false,false,false,true,false,true
Donnel Locke,Stark,299,3,51,25,true,true,false,true,true,false,false
Donnel Waynwood,Tully,,,,34,true,true,true,false,false,false,false
Donnis,House Stark,,,,7,true,false,true,false,false,false,false
Dontos Hollard,None,300,3,61,57,true,true,true,true,true,false,false
Donyse,None,,,,72,false,false,false,false,true,false,false
Doran Martell,Martell,,,,2,true,true,false,false,false,true,true
Doreah,House Targaryen,299,2,12,11,false,false,true,true,false,false,false
Dornish Dilly,Night's Watch,299,3,55,55,true,false,false,false,true,false,false
Draqaz,None,,,,2,true,true,false,false,false,false,true
Drennan,House Greyjoy,299,2,50,50,true,false,false,true,false,false,false
Drogo,Targaryen,298,1,64,3,true,true,true,false,false,false,false
Dudley,Stark,299,3,34,34,true,false,false,false,true,false,false
Dunsen,None,,,,26,true,false,false,true,false,false,false
Dunstan Drumm,Greyjoy,,,,19,true,true,false,false,false,true,false
Duram Bar Emmon,Baratheon,,,,0,true,true,false,true,false,false,false
Dykk Harlaw,Greyjoy,299,2,66,66,true,false,false,true,false,false,false
Dywen,Night's Watch,,,,48,true,false,true,true,true,false,true
Easy,Night's Watch,300,3,55,55,true,false,false,false,true,false,false
Ebben,Night's Watch,299,2,68,43,true,false,false,true,false,false,false
Eddard Karstark,Stark,298,1,63,53,true,true,true,false,false,false,false
Eddard Stark,House Stark,299,1,65,1,true,true,true,false,false,false,false
Eddison Tollett,Night's Watch,,,,13,true,false,false,true,true,true,true
Edmure Tully,House Tully,,,,28,true,true,true,true,true,true,false
Edric Dayne,None,,,,34,true,true,false,false,true,false,false
Edric Storm,House Baratheon,,,,10,true,false,false,false,true,false,false
Edwyn Frey,None,,,,38,true,true,false,false,true,true,false
Eggon,None,,,,30,true,false,false,true,false,false,false
Elder Brother,None,,,,31,true,false,false,false,false,true,false
Eldred Codd,Greyjoy,,,,18,true,true,false,false,false,true,false
Eleyna Westerling,Stark,,,,45,false,true,false,false,true,true,false
Elinor Tyrell,Tyrell,,,,6,false,true,false,false,true,true,false
Ellaria Sand,Martell,,,,38,false,true,false,false,true,false,true
Elmar Frey,None,,,,59,true,true,true,true,true,false,false
Elyas Willum,Baratheon,,,,22,true,true,false,true,false,false,false
Emmon Cuy,Baratheon,299,2,42,33,true,true,false,true,false,false,false
Emmon Frey,Lannister,,,,29,true,true,true,false,false,true,false
Emmond,Greyjoy,,,,1,true,false,false,false,false,true,false
Emrick,Night's Watch,,,,75,true,false,false,false,true,false,true
Endehar,Greyjoy,,,,56,true,false,false,true,false,false,false
Elwood,House Tully,299,3,20,20,true,false,false,false,true,false,false
Endrew Tarth,Night's Watch,299,3,69,60,true,false,true,false,true,false,false
Enger,House Tully,,,,39,true,false,false,true,false,false,false
Eon Hunter,Arryn,300,3,80,38,true,true,true,false,true,false,false
Erik Ironmaker,Greyjoy,,,,19,true,true,false,false,false,true,false
Ermesande Hayford,None,,,,2,false,true,false,true,true,true,false
Eroeh,Targaryen,298,1,68,61,true,false,true,false,false,false,false
Erreck,None,,,,12,true,false,false,false,true,false,false
Erryk (Guard),House Tyrell,,,,6,true,false,false,false,true,true,false
Esgred,Greyjoy,,,,24,true,false,false,true,false,false,false
Ezzara,Targaryen,,,,30,false,false,false,false,false,false,true
Falia Flowers,Greyjoy,,,,29,false,false,false,false,false,true,false
Falyse Stokeworth,Lannister,300,5,36,2,false,true,false,true,false,true,false
Farlen,House Stark,299,2,56,46,true,false,false,true,false,false,false
Fat Walda Frey,None,,,,37,false,true,false,false,true,false,true
Flement Brax,Lannister,,,,56,true,true,true,false,true,true,false
Fletcher Will,None,299,3,34,34,true,false,false,false,true,false,false
Fogo,None,298,1,61,46,true,true,true,false,false,false,false
Forley Prester,Lannister,,,,33,true,true,false,false,false,true,false
Fornio,Night's Watch,,,,33,true,false,false,false,true,false,false
Frenken,Lannister,,,,15,true,false,false,true,true,false,false
Frenya,Wildling,300,5,69,37,false,false,false,false,false,false,true
Frynne,Martell,,,,40,false,false,false,false,false,true,false
Gage,House Stark,,,,4,true,true,false,true,false,false,false
Galazza Galare,None,,,,23,false,true,false,false,false,false,true
Galbart Glover,Stark,,,,55,true,true,true,false,true,false,false
Gared,Night's Watch,297,1,1,0,true,false,true,false,false,false,false
Garin (Orphan),Martell,,,,21,true,false,false,false,false,true,false
Gariss,House Stark,,,,50,true,false,false,true,false,false,false
Garlan Tyrell,House Tyrell,,,,62,true,true,false,true,true,true,false
Garrett Paege,Lannister,,,,30,true,true,false,false,false,true,false
Garse Goodbrook,None,299,3,,,true,true,false,false,true,false,false
Garth Greyfeather,Night's Watch,300,5,31,48,true,false,false,false,true,false,true
Garth of Greenaway,Night's Watch,300,5,4,33,true,false,false,false,true,false,true
Garth of Oldtown,Night's Watch,299,3,33,33,true,false,false,false,true,false,false
Gawen Westerling,Stark,,,,33,true,true,false,false,false,true,false
Gelmarr,House Greyjoy,299,2,56,50,true,false,false,true,false,false,false
Gendry,None,,,,27,true,false,true,true,true,true,false
Genna Lannister,Lannister,,,,33,false,true,false,false,false,true,false
Gerald Gower,Baratheon,,,,54,true,true,false,false,true,false,false
Gerold Dayne,Martell,,,,13,true,true,false,false,false,true,false
Gerren,None,299,2,19,14,true,false,false,true,false,false,false
Gerris Drinkwater,Martell,,,,6,true,true,false,false,false,false,true
Gevin Harlaw,Greyjoy,299,2,66,37,true,true,false,true,false,false,false
Ghael,None,,,,71,true,false,false,false,true,false,true
Ghost of High Heart,None,,,,22,false,false,false,false,true,false,false
Gillam,None,,,,31,true,false,false,false,false,true,false
Gilly,Wildling,,,,23,false,false,false,true,true,true,true
Gilwood Hunter,Arryn,,,,80,true,true,false,false,true,false,false
Gladden Wylde,Stark,298,1,55,43,true,true,true,false,false,false,false
Glendon Hewett,Night's Watch,,,,69,true,false,false,false,true,false,false
Goady,Night's Watch,,,,0,true,false,false,false,true,false,false
Godric Borrell,None,,,,9,true,true,false,false,false,false,true
Godry Farring,Baratheon,,,,3,true,true,false,false,false,false,true
Godwyn,House Lannister,,,,32,true,false,true,false,false,false,false
Goghor,None,,,,52,true,false,false,false,false,false,true
Gormond Goodbrother,Greyjoy,,,,1,true,true,false,false,false,true,false
Gorold Goodbrother,Greyjoy,,,,1,true,true,false,false,false,true,false
Gran Goodbrother,Greyjoy,,,,1,true,true,false,false,false,true,false
Grazdan,None,299,3,27,27,true,true,false,false,true,false,false
Grazdan mo Eraz,None,,,,42,true,true,false,false,true,false,false
Grazdan mo Ullhor,None,299,3,27,27,true,true,false,false,true,false,false
Grazdan zo Galare,None,,,,2,true,true,false,false,false,false,true
Grazdar zo Galare,None,,,,2,true,true,false,false,false,false,true
Gregor Clegane,Lannister,300,4,72,29,true,true,true,true,true,false,false
Grenn,Night's Watch,,,,19,true,false,true,true,true,true,true
Grey Worm,Targaryen,,,,42,true,false,false,false,true,false,true
Greydon Goodbrother,Greyjoy,,,,1,true,true,false,false,false,true,false
Grigg,Wildling,,,,30,true,false,false,false,true,false,false
Grisel,None,,,,68,false,false,false,false,true,false,false
Groleo,House Targaryen,300,5,59,,true,false,false,false,true,false,true
Grubbs,Night's Watch,300,5,4,0,true,false,false,false,true,false,true
Grunt,None,,,,12,true,false,false,false,false,false,true
Gueren,Night's Watch,,,,38,true,false,true,false,false,false,false
Guncer Sunglass,Baratheon,299,3,10,0,true,true,false,true,true,false,false
Guyard Morrigen,Baratheon,299,2,62,22,true,true,false,true,false,false,false
Gwin Goodbrother,Greyjoy,,,,1,false,true,false,false,false,true,false
Gylbert Farwynd,Greyjoy,,,,19,true,true,false,false,false,true,false
Gyles Farwynd,Greyjoy,,,,19,true,true,false,false,false,true,false
Gyles Grafton,Arryn,,,,41,true,true,false,false,false,true,false
Gyles Rosby,Lannister,300,4,39,57,true,true,true,true,true,true,false
Gynir,House Greyjoy,299,2,56,50,true,false,false,true,false,false,false
Gysella Goodbrother,Greyjoy,,,,1,false,true,false,false,false,true,false
Haggo,None,298,1,64,11,true,false,true,false,false,false,false
Hairy Hal,Night's Watch,300,5,31,55,true,false,false,false,true,true,true
Hake,Night's Watch,299,3,46,52,true,false,true,true,true,false,false
Halder,Night's Watch,,,,19,true,false,true,false,true,false,false
Haldon,House Targaryen,,,,8,true,false,false,false,false,false,true
Hali,Wildling,298,1,37,37,false,false,true,false,false,false,false
Hallis Mollen,Stark,,,,14,true,true,true,true,false,false,false
Hallyne,Lannister,,,,17,true,false,false,true,false,true,false
Halys Hornwood,Stark,298,1,62,53,true,true,true,false,false,false,false
Hamish the Harper,None,300,5,43,32,true,false,false,false,true,true,false
Hareth (Mole's Town),Night's Watch,,,,64,true,false,false,false,true,false,true
Harghaz,None,300,5,70,52,true,false,false,false,false,false,true
Harma,Wildling,300,3,75,0,false,true,false,false,true,false,false
Harmund Sharp,Greyjoy,,,,19,true,true,false,false,false,true,false
Harmune,Night's Watch,,,,78,true,false,false,false,false,false,true
Harra,None,299,2,64,26,false,false,false,true,false,false,false
Harrag Sharp,Greyjoy,299,5,19,66,true,true,false,true,false,true,false
Harras Harlaw,Greyjoy,,,,11,true,true,false,false,false,true,false
Harwood Fell,House Baratheon,300,5,42,17,true,true,false,false,false,false,true
Hazzea,None,300,5,11,11,false,false,false,false,false,false,true
Harrion Karstark,Stark,,,,53,true,true,true,true,false,false,false
Harry Strickland,None,,,,24,true,false,false,false,false,false,true
Harwin,Stark,,,,1,true,false,true,false,true,true,false
Harwood Stout,Stark,,,,32,true,true,false,false,false,false,true
Harys Haigh,None,,,,64,true,true,false,true,true,false,false
Harys Swyft,Lannister,,,,69,true,true,true,true,true,true,true
Helman Tallhart,Stark,299,3,37,55,true,true,true,false,true,false,false
Henly (Maester),None,,,,37,true,false,false,false,false,false,true
Heward,House Stark,298,1,35,35,true,false,true,false,false,false,false
High Sparrow,None,,,,4,true,false,false,false,false,true,true
Hobb,Night's Watch,,,,52,true,false,true,false,true,false,true
Hobber Redwyne,Tyrell,,,,27,true,true,true,true,true,true,false
Hod,None,,,,5,true,false,false,true,false,false,false
Hodor,House Stark,,,,24,true,false,true,true,true,false,true
Holger,None,,,,49,true,false,false,true,false,false,false
Holly,Wildling,300,5,69,37,false,false,false,false,false,false,true
Hop-Robin,Night's Watch,,,,75,true,false,false,false,true,false,true
Horas Redwyne,Tyrell,,,,27,true,true,true,true,false,true,false
Horton Redfort,Arryn,,,,23,true,true,false,false,false,true,false
Hosteen Frey,None,,,,59,true,true,true,true,true,false,true
Hoster Tully,House Tully,299,3,35,71,true,true,true,true,true,false,false
Hot Pie,None,,,,1,true,false,false,true,true,false,false
Hother Umber,Stark,,,,16,true,true,false,true,false,false,true
Howd Wanderer,Wildling,,,,58,true,true,false,false,false,false,true
Hubard Rambton,Baratheon,299,5,10,10,true,true,false,true,false,false,false
Hugh,House Arryn,298,1,29,25,true,false,true,false,false,false,false
Hugo Vance,Tully,,,,30,true,true,false,false,false,true,false
Hullen,House Stark,298,1,50,1,true,false,true,false,false,false,false
Humfrey Swyft,Lannister,,,,16,true,true,false,false,false,true,false
Husband,None,,,,11,true,false,false,false,true,false,false
Hyle Hunt,None,300,4,42,14,true,true,false,false,false,true,false
Iggo,None,299,3,3,3,true,false,false,false,true,false,false
Illyrio Mopatis,House Targaryen,,,,3,true,true,true,false,false,false,true
Ilyn Payne,Lannister,,,,15,true,true,true,true,true,true,false
Imry Florent,Baratheon,299,3,4,58,true,true,false,true,true,false,false
Iron Emmett,Night's Watch,,,,79,true,false,false,false,true,false,true
Irri,House Targaryen,,,,11,false,false,true,true,true,false,true
Ithoke,None,,,,11,true,false,false,false,false,false,true
Jacelyn Bywater,Lannister,299,2,19,8,false,true,false,true,false,false,false
Jack Bulwer,Night's Watch,300,5,31,64,true,false,false,false,true,true,true
Jack-Be-Lucky,None,,,,17,true,false,false,false,true,true,false
Jacks,House Stark,,,,22,true,false,true,true,false,false,false
Jaggot,None,,,,42,true,false,true,false,false,false,false
Jaime Lannister,Lannister,,,,5,true,true,true,true,true,true,true
Jalabhar Xho,None,,,,29,true,true,true,true,true,true,false
Janna Tyrell,Tyrell,,,,6,false,true,false,false,true,true,false
Janos Slynt,None,300,5,7,27,true,true,true,true,true,false,true
Jaqen H'ghar,None,,,,5,true,false,false,true,false,true,false
Jared Frey,None,300,5,37,59,true,true,true,true,false,false,true
Jaremy Rykker,Night's Watch,298,5,60,21,true,true,true,false,false,false,false
Jarl,Wildling,299,3,26,7,true,false,false,false,true,false,false
Jarman Buckwell,Night's Watch,300,5,21,13,true,false,false,true,false,false,true
Jason Mallister,Stark,,,,28,true,true,true,false,true,false,false
Jate,House Lannister,,4,44,44,true,false,false,false,false,true,false
Jate Blackberry,House Baratheon,,3,10,10,true,false,false,false,true,false,false
Jeor Mormont,Night's Watch,299,3,33,48,true,true,true,true,true,false,false
Jeren,Night's Watch,,,,19,true,false,true,false,false,false,false
Jeyne Poole,Stark,,,,7,false,true,true,false,true,false,true
Jeyne Westerling,Stark,,,,14,false,true,false,false,true,true,false
Jhaqo,None,,,,68,true,true,true,false,false,false,true
Jhezane,None,,,,2,false,true,false,false,false,false,true
Jhiqui,House Targaryen,,,,11,false,false,true,true,true,false,true
Jhogo,House Targaryen,,,,23,true,false,true,true,true,false,true
Jocelyn Swyft,Lannister,,,,3,false,true,false,false,false,true,true
Jodge,House Lannister,,,,30,true,false,false,true,false,false,false
Jojen Reed,Stark,,,,21,true,true,false,true,true,false,true
Jommy,House Baratheon,,,,0,true,false,false,true,false,false,false
Jon Bettley,Lannister,,,,16,true,true,false,false,false,true,false
Jon Connington,Targaryen,,,,5,true,true,false,false,false,false,true
Jon Fossoway,Baratheon,,,,22,true,true,false,true,false,false,false
Jon Snow,Night's Watch,,,,1,true,true,true,true,true,true,true
Jon Umber (Greatjon),Stark,,,,51,true,true,true,true,true,false,false
Joffrey Baratheon,House Lannister,300,3,60,5,true,true,true,true,true,false,false
Jon Umber (Smalljon),Stark,299,3,51,63,true,true,true,false,true,false,false
Jonelle Cerwyn,Stark,,,,53,false,true,true,false,false,false,false
Jonos Bracken,Tully,,,,28,true,true,true,false,true,false,true
Jorah Mormont,Targaryen,,,,23,true,true,true,true,true,false,true
Jory Cassel,Stark,298,1,35,1,true,true,true,false,false,false,false
Joseran,Greyjoy,,,,11,true,false,false,false,false,true,false
Joseth,House Stark,,,,37,true,false,true,true,false,false,false
Josmyn Peckledon,Lannister,,,,65,true,false,false,true,true,true,true
Joss,None,,,,43,true,false,true,false,false,false,false
Joss Stilwood,Lannister,,,,,true,false,true,false,false,false,false
Josua Willum,Baratheon,,,,22,true,true,false,true,false,false,false
Jothos Slynt,Lannister,,,,66,true,true,false,false,true,false,false
Joyeuse Erenford,None,,,,28,false,true,true,false,true,false,false
Justin Massey,Baratheon,,,,7,true,true,false,false,false,false,true
Jyck,House Lannister,298,1,31,21,true,false,true,false,false,false,false
Jynessa Blackmont,Martell,,,,38,false,true,false,false,true,false,false
Karyl Vance,Tully,,,,43,true,true,true,false,true,true,false
Kedge Whiteye,Night's Watch,,,,43,true,false,false,true,true,true,false
Kella,None,,,,68,false,false,false,false,true,false,false
Kennos of Kayce,Lannister,,,,6,true,true,false,false,true,true,true
Ketter,Night's Watch,,,,52,true,false,true,false,false,false,false
Kenned,House Greyjoy,299,2,66,66,true,false,false,true,false,false,false
Kerwin,House Tyrell,300,5,56,29,true,false,false,false,false,true,true
Kevan Lannister,House Lannister,300,5,,56,true,true,true,true,true,true,true
Kezmya,None,,,,2,false,true,false,false,false,false,true
Khorane Sathmantes,None,,,,10,true,false,false,false,true,false,false
Khrazz,None,300,5,67,11,true,false,false,false,false,false,true
Kindly man,None,,,,6,true,false,false,false,false,true,true
Kojja Mo,None,,,,35,false,false,false,false,false,true,false
Koss,Night's Watch,299,2,14,5,true,false,false,true,false,false,false
Kraznys mo Nakloz,None,299,3,27,23,true,true,false,false,true,false,false
Kromm,House Greyjoy,299,2,66,56,true,false,false,true,false,false,false
Kurleket,None,298,1,31,31,true,false,true,false,false,false,false
Kurz,Night's Watch,299,2,19,5,true,false,false,true,false,false,false
Kyle (Banners),None,299,3,39,39,true,false,false,false,true,false,false
Kyra,House Stark,300,5,12,37,false,false,true,true,false,false,true
Lady of the Leaves,None,,,,22,false,false,false,false,true,false,false
Lambert Turnberry,Lannister,,,,7,true,true,false,false,false,true,false
Lamprey,Baratheon,,,,25,true,false,false,false,true,false,false
Lancel Lannister,Lannister,,,,47,true,true,true,true,true,true,true
Lanna (Happy Port),None,,,,34,false,false,false,false,false,true,false
Lark,Night's Watch,299,3,46,23,true,false,false,true,true,false,false
Larra Blackmont,Martell,,,,38,false,true,false,false,true,false,false
Larraq,Targaryen,,,,59,true,false,false,false,false,false,true
Leathers,Night's Watch,,,,35,true,false,false,false,false,false,true
Left Hand Lew,Night's Watch,,,,48,true,false,false,false,true,false,true
Lem,None,,,,13,true,false,false,false,true,true,false
Lennocks,None,,,34,34,true,false,false,false,true,false,false
Lenwood Tawney,Greyjoy,,,,18,true,false,false,false,false,true,false
Leo Lefford,Lannister,299,2,45,62,true,true,true,true,false,false,false
Leo Tyrell,Tyrell,,,,0,true,true,false,false,false,true,false
Leobald Tallhart,Stark,299,2,66,16,true,true,false,true,false,false,false
Leona Woolfield,Stark,,,,19,false,true,false,false,false,false,true
Leonette Fossoway,Tyrell,,,,6,false,true,false,false,true,false,false
Lew,House Stark,,,,7,true,false,true,false,false,false,false
Lewis Lanster,None,,,,25,true,false,false,false,false,false,true
Lewys Lydden,Lannister,,,,62,true,true,true,true,false,false,false
Lewys Piper,Lannister,,,,27,true,true,false,false,false,true,false
Lharys,Stark,298,1,34,31,true,true,true,false,false,false,false
Little Walder Frey,None,300,5,51,59,true,true,true,true,false,false,true
Lollys Stokeworth,Lannister,,,,2,false,true,false,true,true,false,false
Lommy,Night's Watch,299,2,19,1,true,false,false,true,false,false,false
Loras Tyrell,Tyrell,,,,18,true,true,true,true,true,true,false
Lorcas,None,,,,45,true,false,false,false,false,true,false
Lord of Bones,Wildling,300,5,10,68,true,true,false,true,true,false,true
Lorent Caswell,Baratheon,,,,22,true,true,false,true,false,false,false
Lorren,Greyjoy,299,2,66,37,true,false,false,true,false,false,false
Lothar Frey,None,,,,35,true,true,false,false,true,false,false
Lothor Brune,None,,,,29,true,true,true,true,true,true,false
Lucan,None,299,2,64,38,true,false,false,true,false,false,false
Lucas Blackwood,Tully,299,3,51,22,true,true,false,true,true,false,false
Lucas Codd,Greyjoy,,,,11,true,true,false,false,false,true,false
Lucias Vypren,None,,,,49,true,true,false,false,true,false,false
Luco Prestayn,None,,,,22,true,false,false,false,false,true,false
Luke of Longtown,Night's Watch,,,,35,true,false,false,false,false,false,true
Luton,None,300,5,51,37,true,false,false,false,false,false,true
Luwin,House Stark,299,2,69,14,true,false,true,true,false,false,false
Lyle Crakehall,Lannister,,,,12,true,true,false,false,false,true,false
Lyman Darry,Tully,299,3,7,71,true,true,true,true,false,false,false
Lymond Goodbrook,Tully,,,,45,true,true,false,false,true,false,false
Lymond Lychester,Tully,,,,22,true,true,false,false,true,false,false
Lyn Corbray,Arryn,,,,38,true,true,true,false,false,true,false
Lyonel,None,,,,38,true,false,false,true,false,false,false
Lysa Tully,House Arryn,300,3,,34,false,true,true,false,true,false,false
Lysono Maar,None,,,,24,true,false,false,false,false,false,true
Mace Tyrell,House Tyrell,,,,62,true,true,false,true,true,true,true
Mad Huntsman,None,,,,29,true,false,false,false,true,false,false
Maege Mormont,Stark,,,,53,false,true,true,false,true,false,false
Maerie (Goodwife),None,299,3,34,34,false,false,false,false,true,false,false
Maerie (Whore),None,299,3,34,34,false,false,false,false,true,false,false
Mag Mar Tun Doh Weg,Wildling,300,3,64,15,true,true,false,false,true,false,false
Mago,None,,,,61,true,false,true,false,false,false,false
Mallador Locke,Night's Watch,299,5,18,13,true,false,false,true,true,false,false
Malliard,Lannister,,,,20,true,false,false,true,false,false,false
Mallor,House Lannister,,,,63,true,false,true,false,false,false,false
Mance Rayder,Wildling,,,,15,true,true,false,false,true,false,true
Mandon Moore,Baratheon,299,2,61,51,true,true,true,true,false,false,false
Maric Seaworth,House Baratheon,299,2,58,10,true,true,false,true,false,false,false
Marei,None,,,,29,false,false,false,true,false,false,false
Margaery Tyrell,House Tyrell,,,,22,false,true,false,true,true,true,false
Marillion,Arryn,300,4,23,28,true,false,true,false,true,true,false
Maris,Wildling,,,,58,false,false,false,false,false,false,true
Marissa Frey,None,,,,49,false,true,false,false,true,true,false
Mariya Darry,None,,,,30,false,true,false,false,false,true,false
Mark Mullendore,Tully,,,,22,true,true,false,true,false,false,false
Marlon Manderly,Stark,,,,19,true,true,false,false,false,false,true
Maron Volmark,Greyjoy,,,,18,true,true,false,false,false,true,false
Marq Piper,Tully,,,,56,true,true,true,false,true,false,false
Martyn Rivers,None,,,,29,true,true,true,true,true,false,false
Marwyn,None,,,,0,true,false,false,false,false,true,false
Marwyn Belmore,Arryn,,,,10,true,true,false,false,false,true,false
Masha Heddle,Tully,298,1,56,28,false,false,true,false,false,false,false
Maslyn,Night's Watch,299,3,18,0,true,false,false,false,true,false,false
Mathis Rowan,Lannister,,,,22,true,true,false,true,true,true,false
Mathos Mallarawan,None,,,,40,true,true,false,true,false,false,false
Matrice,Baratheon,,,,0,false,false,false,true,false,false,false
Matthos Seaworth,Baratheon,299,2,58,10,true,true,false,true,false,false,false
Matthar,Night's Watch,,,,41,true,false,true,false,false,false,false
Mawney,Night's Watch,300,5,4,18,true,false,false,false,true,false,true
Mebble,None,,,,47,true,false,false,true,false,false,false
Medger Cerwyn,Stark,299,2,30,53,true,true,true,true,false,false,false
Meera Reed,Stark,,,,21,false,true,false,true,true,false,true
Megga Tyrell,House Tyrell,,,,6,false,true,false,false,true,true,false
Meha,Wildling,,,,0,false,false,false,false,false,false,true
Mela,House Arryn,,,,23,false,false,false,false,false,true,false
Meldred Merlyn,Greyjoy,,,,1,true,true,false,false,false,true,false
Meliana,Stark,,,,69,false,false,false,false,true,false,false
Melisandre,Baratheon,,,,0,false,false,false,true,true,false,true
Mellei,House Martell,,,,40,false,false,false,false,false,true,false
Melly,None,,,,34,false,false,false,false,true,false,false
Meredyth Crane,Tyrell,,,,61,false,true,false,false,true,true,false
Meribald,None,,,,25,true,false,false,false,false,true,false
Merlon Crakehall,Lannister,,,,38,true,true,false,false,true,false,false
Mero,None,299,3,57,42,true,false,false,false,true,false,false
Merrett Frey,None,300,3,,59,true,true,true,false,true,false,false
Meryn Trant,Lannister,,,,8,true,true,true,true,true,true,true
Mezzara,None,,,,2,false,true,false,false,false,false,true
Mikken,House Stark,299,2,46,8,true,false,true,true,false,false,false
Miklaz,None,,,,2,true,true,false,false,false,false,true
Mirri Maz Duur,None,299,1,72,61,false,false,true,false,false,false,false
Missandei,House Targaryen,,,,23,false,false,false,false,true,false,true
Mohor,None,298,1,31,31,true,true,true,false,false,false,false
Mollander,None,,,,0,true,false,false,false,false,true,false
Monford Velaryon,Baratheon,299,3,25,0,true,true,false,true,false,false,false
Monster,Wildling,,,,33,true,false,false,false,true,true,true
Moon Boy,Baratheon,,,,29,true,false,true,true,true,true,false
Moqorro,Greyjoy,,,,33,true,false,false,false,false,false,true
Mord,House Arryn,,,,38,true,false,true,false,false,true,false
Mordane,House Stark,298,1,67,7,false,false,true,false,false,false,false
Moreo Tumitis,None,,,,18,true,false,true,false,false,false,false
Morgarth,None,,,,41,true,false,false,false,false,true,false
Morna White Mask,Wildling,,,,48,false,true,false,false,false,false,true
Moro,None,,,,3,true,true,true,false,false,false,false
Morra,House Martell,,,,40,false,false,false,false,false,true,false
Morrec,House Lannister,298,1,31,13,true,false,true,false,false,false,false
Morros Slynt,Lannister,,,,2,true,true,false,true,true,false,false
Mors Manwoody,Martell,,,,38,true,true,false,false,true,false,false
Mors Umber,Stark,,,,21,true,true,false,true,false,false,false
Morton Waynwood,Arryn,,,,40,true,true,true,false,false,false,false
Mudge (miller),None,299,3,34,34,true,false,false,false,true,false,false
Mully,Night's Watch,,,,55,true,false,false,false,true,true,true
Munciter,Lannister,,,,20,true,false,false,true,false,false,false
Murch,Night's Watch,,,,9,true,false,false,true,false,false,false
Murch (Winterfell),House Stark,,,,50,true,false,false,true,false,false,false
Mossador,House Targaryen,300,5,11,11,true,false,false,false,true,false,true
Murenmure,Greyjoy,,,,1,true,false,false,false,false,true,false
Muttering Bill,Night's Watch,300,5,4,,true,false,false,false,true,false,true
Mya Stone,Arryn,,,,34,false,false,true,false,false,true,false
Mycah,Stark,298,1,16,15,true,false,true,false,false,false,false
Myles,House Martell,,,,2,true,false,false,false,false,true,true
Myles Manwoody,Martell,,,,38,true,true,false,false,true,false,false
Myranda Royce,Arryn,,,,41,false,true,false,false,false,true,false
Myrcella Baratheon,Lannister,,,,5,false,true,true,true,false,true,false
Myria Jordayne,Martell,,,,38,false,false,false,false,true,false,true
Myrtle,Wildling,300,5,69,37,false,false,false,false,false,false,true
Nage,None,,,,44,true,false,false,false,true,false,false
Myles,House Tully,299,2,39,39,true,false,false,true,false,false,false
Nan,House Stark,,,,1,false,false,true,true,false,false,false
Narbert,None,,,,31,true,false,false,false,false,true,false
Nestor Royce,Arryn,,,,34,true,true,true,false,false,true,false
Nolla,None,299,3,34,34,false,false,false,false,true,false,false
Norjen,Greyjoy,,,,1,true,false,false,false,false,true,false
Nurse,None,300,5,57,57,true,false,false,false,false,false,true
Notch,None,,,,43,true,false,false,false,true,false,false
Nute,House Greyjoy,,,,18,true,false,false,false,false,true,false
Nymella Toland,Martell,,,,38,false,true,false,false,false,false,true
Nymeria Sand,House Martell,,,,2,false,true,false,false,false,true,true
Obara Sand,House Martell,,,,2,false,true,false,false,false,true,true
Oberyn Martell,House Martell,300,3,70,38,true,true,false,false,true,false,false
Ogo,None,298,1,61,46,true,true,true,false,false,false,false
Old Henly,Night's Watch,299,3,55,55,true,false,false,false,true,false,false
Olenna Redwyne,Tyrell,,,,19,false,true,false,false,true,true,false
Ollo Lophand,Night's Watch,300,5,4,0,true,false,false,false,true,false,true
Olyvar Frey,None,,,,59,true,true,true,false,false,false,false
Ondrew Locke,Stark,,,,37,true,true,false,false,false,false,true
Oppo,None,300,4,17,60,true,false,false,false,true,true,false
Orell,Wildling,299,2,51,51,true,false,false,true,false,false,false
Orphan Oss,Night's Watch,300,5,4,,true,false,false,false,true,false,true
Orton Merryweather,Lannister,,,,11,true,true,false,false,true,true,false
Osfryd Kettleblack,Lannister,,,,41,true,true,false,true,true,true,false
Osha,House Stark,,,,37,false,false,true,true,false,false,false
Osmund Kettleblack,Lannister,,,,41,true,true,false,true,true,true,false
Osney Kettleblack,Lannister,,,,41,true,true,false,true,true,true,false
Ossy,Arryn,,,,41,true,false,false,false,false,true,false
Oswell Kettleblack,None,,,,68,true,true,false,false,true,false,false
Othell Yarwyck,Night's Watch,,,,48,true,false,true,false,true,false,true
Ottyn Wythers,Night's Watch,299,3,48,13,true,false,false,true,true,false,false
Owen,Night's Watch,,,,55,true,false,false,false,true,false,true
Owen Norrey,Tully,299,3,51,51,true,true,false,false,true,false,false
Oznak zo Pahl,None,299,3,57,57,true,true,false,false,true,false,false
Palla,House Stark,,,,46,false,false,false,true,false,false,false
Parmen Crane,Baratheon,,,,22,true,true,false,true,false,false,false
Patchface,Baratheon,,,,0,true,false,false,true,true,false,true
Pate (novice),None,300,4,0,0,true,false,false,false,false,true,false
Pate (Lancewood),None,299,3,34,34,true,false,false,false,true,false,false
Pate (Night's Watch),Night's Watch,,,,60,true,false,true,false,false,false,false
Pate (Old),None,,,34,13,true,false,false,false,true,false,false
Patrek of King's Mountain,Baratheon,300,5,69,44,true,true,false,false,false,false,true
Patrek Mallister,Tully,,,,28,true,true,true,false,true,false,false
Paxter Redwyne,Tyrell,,,,65,true,true,false,true,true,true,false
Pello,None,,,,17,true,false,false,false,true,false,false
Penny,None,,,,60,false,false,false,false,true,false,true
Perros Blackmont,Martell,,,,38,true,true,false,false,true,false,false
Perwyn Frey,None,,,,29,true,true,true,true,false,false,false
Petyr Baelish,None,,,,18,true,false,true,true,true,true,false
Petyr Frey,None,300,3,,49,true,true,false,false,true,false,false
Philip Foote,Lannister,,,,65,true,true,false,true,true,false,false
Pia,None,,,,30,false,false,false,true,false,true,false
Podrick Payne,Lannister,,,,62,true,true,true,true,true,true,false
Polliver,None,300,3,27,26,true,false,false,true,true,false,false
Pono,None,,,,68,true,true,true,false,false,false,false
Porridge,Baratheon,,,,25,true,false,false,false,true,false,false
Porther,House Stark,299,2,21,22,true,false,true,true,false,false,false
Poul Pemford,House Tully,299,2,39,39,true,false,false,true,false,false,false
Poxy Tym,House Stark,299,2,69,16,true,false,false,true,false,false,false
Praed,None,299,2,9,5,true,false,false,true,false,false,false
Prendahl na Ghezn,None,299,3,42,42,true,false,false,false,true,false,false
Preston Greenfield,Baratheon,299,2,41,43,true,false,true,true,false,false,false
Pyat Pree,None,,,,12,true,true,false,true,false,false,false
Pycelle,House Lannister,300,5,,20,true,false,true,true,true,true,true
Pyg,None,300,4,20,20,true,false,false,false,true,true,false
Pylos,Baratheon,,,,0,true,false,false,true,true,false,false
Pypar,Night's Watch,,,,19,true,false,true,false,true,true,true
Qarl Shepherd,Greyjoy,,,,26,true,false,false,false,false,false,true
Qarl the Maid,Greyjoy,,,,42,true,false,false,true,false,true,true
Qezza,None,,,,2,false,false,false,false,false,false,true
Qhorin Halfhand,Night's Watch,299,2,68,43,true,false,false,true,false,false,false
Qotho,None,298,1,61,11,true,false,true,false,false,false,false
Quaithe,None,,,,12,false,true,false,true,true,false,true
Quaro,Targaryen,298,1,64,50,true,false,true,false,false,false,false
Quellon Humble,Greyjoy,,,,18,true,true,false,false,false,true,false
Quent,House Stark,,,,37,true,false,true,false,false,false,false
Quenten Banefort,Lannister,,,,16,true,true,false,false,false,true,false
Quentyn Martell,Martell,300,5,70,6,true,true,false,false,false,false,true
Quhuru Mo,None,,,,27,true,false,false,true,false,true,false
Qyburn,Lannister,,,,64,true,false,false,true,true,true,true
Quort,Wildling,299,3,55,41,true,false,false,false,true,false,false
Qyle,Night's Watch,299,2,2,2,true,false,false,true,false,false,false
Rafford,None,,,,19,true,false,false,true,false,true,false
Ragnor Pyke,House Greyjoy,,,,29,true,false,false,false,false,true,false
Ragwyle,Wildling,,,,68,false,false,false,true,false,false,false
Rakharo,House Targaryen,,,,54,true,false,true,true,true,false,true
Ralf Kenning,Greyjoy,300,5,20,18,true,false,false,false,false,true,true
Ralf Stonehouse,Greyjoy,,,,18,true,true,false,false,false,false,true
Ralf the Limper,Greyjoy,,,,18,true,false,false,false,false,true,true
Ramsay Snow,None,,,,16,true,true,false,true,false,false,true
Randa,None,299,3,34,34,false,false,false,false,true,false,false
Randyll Tarly,Tyrell,,,,22,true,true,false,true,false,true,true
Rast,Night's Watch,299,3,26,55,true,false,true,false,true,false,false
Ravella Swann,Tully,,,,22,false,true,false,false,true,false,false
Raymar Royce,Arryn,,,,45,true,true,false,false,true,false,false
Raymun Darry,Targaryen,298,1,55,16,true,true,true,false,false,false,false
Raymund Frey,None,,,,49,true,true,false,false,true,false,false
Raynald Westerling,Stark,299,3,44,14,true,true,false,false,true,true,false
Red Alyn,Night's Watch,300,3,69,55,true,false,false,false,true,false,false
Red Rolfe,House Greyjoy,299,2,66,66,true,false,false,true,false,false,false
Reek,None,299,2,35,16,true,false,false,true,false,false,false
Renly Baratheon,House Baratheon,299,2,33,15,true,true,true,true,false,false,false
Reysen,Night's Watch,,,,5,true,false,false,true,false,false,false
Reznak mo Reznak,None,,,,2,true,true,false,false,false,false,true
Rhaegar Frey,None,300,5,29,19,true,true,false,false,false,false,true
Rhogoro,None,,,,3,true,true,true,false,false,false,false
Ricasso,House Martell,,,,2,true,false,false,false,false,true,true
Richard Horpe,Baratheon,,,,17,true,true,false,false,false,false,true
Rickard Karstark,Stark,299,3,20,53,true,true,true,true,true,false,false
Rickard Ryswell,Stark,,,,20,true,true,false,false,false,false,true
Rickon Stark,House Stark,,,,7,true,true,true,true,false,false,false
Rigney,None,,,,11,true,false,false,false,false,true,false
Robar Royce,Baratheon,299,2,6,29,true,true,true,true,true,false,false
Robb Stark,House Stark,299,3,51,1,true,true,true,true,true,false,false
Robert Baratheon,House Baratheon,298,1,47,4,true,true,true,false,false,false,false
Robert Arryn,House Arryn,,,,40,true,true,true,false,true,true,false
Robett Glover,Stark,,,,53,true,true,true,true,false,false,true
Robin Flint,Stark,299,3,51,63,true,true,true,true,true,false,false
Robin Moreland,Lannister,,,,16,true,true,false,false,false,true,false
Robin Ryger,Tully,,,,7,true,true,false,true,true,true,false
Rodrik Cassel,Stark,299,2,66,7,true,true,true,true,false,false,false
Rodrik Harlaw,Greyjoy,,,,11,true,true,false,false,false,true,false
Rodrik Ryswell,None,,,,32,true,true,false,false,false,false,true
Roger Hogg,Lannister,,,,27,true,true,false,false,false,true,false
Roger Ryswell,Stark,,,,20,true,true,false,false,false,false,true
Roland Crakehall (Lord),Lannister,,,,32,true,true,false,true,false,false,false
Rolder,House Lannister,,,,21,true,false,false,false,false,true,false
Rolfe,Greyjoy,,,,24,true,false,false,true,false,false,false
Rollam Westerling,Stark,,,,14,true,true,false,false,true,false,false
Rolfe the Dwarf,House Greyjoy,300,5,26,26,true,false,false,false,false,false,true
Rolley,Night's Watch,299,3,33,0,true,false,false,false,true,false,false
Rolly Duckfield,Targaryen,,,,8,true,false,false,false,false,false,true
Rolph Spicer,Lannister,,,,14,true,true,false,false,true,false,false
Romny Weaver,Greyjoy,,,,18,true,true,false,false,false,true,false
Ronald Storm,None,,,,61,true,false,false,false,false,false,true
Ronnel Harclay,Night's Watch,,,,48,true,true,false,false,true,false,false
Ronnet Connington,Baratheon,,,,22,true,true,false,true,false,true,true
Roose Bolton,Stark,,,,33,true,true,true,true,true,false,true
Roose Ryswell,None,,,,32,true,true,false,false,false,false,true
Rorge,None,300,4,37,1,true,false,false,true,true,true,false
Roslin Frey,None,,,,35,false,true,false,false,true,false,false
Rowan,Wildling,300,5,69,37,true,false,false,false,false,false,true
Rudge,Night's Watch,,,,60,true,false,true,false,false,false,false
Rusty Flowers,Night's Watch,,,,7,true,false,false,false,false,false,true
Ryger Rivers,None,,,,59,true,false,true,false,false,false,false
Ryk,Wildling,,,,7,true,false,false,false,true,false,false
Rupert Brax,House Lannister,299,2,32,32,true,false,false,true,false,false,false
Ryman Frey,None,300,4,44,14,true,true,false,false,true,true,false
Rymolf Stormdrunk,House Greyjoy,,,,24,true,false,false,true,false,false,false
Ryon Allyrion,Martell,,,,38,true,true,false,false,true,false,true
Salladhor Saan,Baratheon,,,,0,true,true,false,true,true,false,false
Sallor,None,299,3,42,42,true,false,false,false,true,false,false
Samwell Tarly,Night's Watch,,,,70,true,true,true,true,true,true,true
Sandor Clegane,None,300,4,31,7,true,true,true,true,true,true,false
Sawane Botley,Greyjoy,299,4,18,1,true,true,false,false,false,true,false
Sansa Stark,Stark,,,,7,false,true,true,true,true,true,false
Sarella Sand,House Martell,,,,2,false,false,false,false,false,true,false
Sarra Frey,None,,,,49,false,true,false,false,true,false,false
Satin,Night's Watch,,,,6,true,false,false,true,true,false,true
Sawwood,Night's Watch,,,,0,true,false,false,false,true,false,false
Sedgekins,None,,,,50,true,false,false,false,true,false,false
Selyse Florent,Baratheon,,,,0,false,true,false,true,true,false,true
Senelle,House Lannister,300,4,24,3,false,false,false,false,false,true,false
Serra Frey,None,,,,49,false,true,false,false,true,false,false
Shadrich,None,,,,4,true,false,false,false,false,true,false
Shae,Lannister,300,3,77,62,false,false,true,true,true,false,false
Shagga,Lannister,,,,39,true,false,true,true,false,false,false
Shagwell,None,300,4,20,30,true,false,false,true,true,true,false
Sharna,None,,,,11,false,false,false,false,true,false,false
Shireen Baratheon,Baratheon,,,,0,false,true,false,true,true,false,true
Shirei Frey,None,,,,49,false,true,false,false,true,false,false
Shyra Errol,Baratheon,300,4,,42,false,true,false,true,false,false,false
Sigfry Stonetree,Greyjoy,,,,19,true,true,false,false,false,true,false
Skahaz mo Kandaq,None,,,,2,true,true,false,false,false,false,true
Skinner,None,,,,12,true,false,false,false,false,false,true
Small Paul,Night's Watch,299,3,18,0,true,false,false,false,true,false,false
Softfoot,Night's Watch,299,3,18,0,true,false,false,false,true,false,false
Sour Alyn,None,,,,12,true,false,false,false,false,false,true
Spare Boot,Night's Watch,,,,55,true,false,false,false,true,false,false
Spotted Cat,None,,,,11,true,false,false,false,false,false,true
Spotted Pate of Maidenpool,Night's Watch,299,3,55,0,true,false,false,false,true,false,false
Squint,House Greyjoy,299,2,50,50,true,false,false,true,false,false,false
Squirrel,Wildling,300,5,69,37,false,false,false,false,false,false,true
Stalwart Shield,Targaryen,300,5,2,2,true,false,false,false,false,false,true
Steelskin,None,,,,11,true,false,false,false,false,false,true
Steffon Swyft,Lannister,,,,27,true,true,false,false,false,true,false
Stevron Frey,Stark,299,2,35,59,true,true,true,true,false,false,false
Stiv,Wildling,298,1,37,37,true,false,true,false,false,false,false
Stone Thumbs,Wildling,299,3,55,41,true,false,false,false,true,false,false
Stonesnake,Night's Watch,,,,43,true,false,false,true,false,false,false
Stygg,House Greyjoy,,,,37,true,false,false,true,false,false,false
Styr,Wildling,300,3,26,7,true,true,false,false,true,false,false
Sybassion,None,,,,63,true,false,false,true,false,false,false
Sybell Spicer,Lannister,,,,14,false,true,false,false,true,true,false
Sybelle Glover,Stark,,,,26,false,true,false,false,false,false,true
Sylva Santagar,Martell,,,,21,false,true,false,false,false,true,false
Symon Silver Tongue,Lannister,299,3,32,44,true,false,false,true,true,false,false
Symon Stripeback,Targaryen,,,,70,true,false,false,false,false,false,true
Symond Frey,None,300,5,29,19,true,true,false,false,false,false,true
Symond Templeton,Arryn,,,,10,true,true,false,false,false,true,false
Syrio Forel,House Stark,298,1,50,22,true,false,true,false,false,false,false
Taena of Myr,Lannister,,,,6,false,true,false,false,true,true,false
Tal Toraq,Targaryen,,,,70,true,false,false,false,false,false,true
Tallad,Lannister,,,,17,true,false,false,true,true,true,false
Tanda Stokeworth,Lannister,300,4,32,2,false,true,false,true,true,false,false
Tanton Fossoway,Baratheon,,,,22,true,true,false,true,false,false,false
Ternesio Terys,None,,,,74,true,false,false,false,true,false,false
Terrance Lynderly,Arryn,,,,41,true,true,false,false,false,true,false
The Red Lamb,House Targaryen,,,,67,true,false,false,false,false,false,true
Theo Frey,None,,,,29,true,true,true,false,false,false,false
Theodan Wells,Stark,,,,43,true,true,false,false,false,true,true
Theomore Lannister,None,,,,19,true,true,false,false,false,false,true
Theon Greyjoy,House Greyjoy,,,,1,true,true,true,true,false,false,true
Thistle,Wildling,300,5,0,0,false,false,false,false,false,false,true
Thoren Smallwood,Night's Watch,299,3,18,6,true,true,false,true,true,false,false
Thoros,None,,,,29,true,false,true,false,true,true,false
Three Toes,None,,,,44,true,false,false,false,true,false,false
Three-Tooth,Greyjoy,,,,11,false,false,false,false,false,true,false
Tickler,Lannister,300,3,74,26,true,false,false,true,true,false,false
Tim Tangletongue,Night's Watch,,,,69,true,false,false,false,true,false,false
Timeon,None,300,4,20,21,true,false,false,false,true,true,false
Timett,Lannister,,,,56,true,false,true,true,false,false,false
Timon,Baratheon,,,,65,true,false,false,true,false,false,false
Tion Frey,Lannister,299,3,20,20,false,true,false,false,true,false,false
Tobho Mott,None,,,,27,true,false,true,false,true,false,false
Todder,Night's Watch,,,,19,true,false,true,false,true,false,true
Todric,Greyjoy,299,2,37,37,true,false,false,true,false,false,false
Tom of Sevenstreams,None,,,,13,true,false,false,false,true,true,false
Tomard,House Stark,298,1,49,22,true,false,true,false,false,false,false
Tormund,Wildling,,,,7,true,true,false,false,true,false,true
Torrek,None,,,,42,true,false,true,false,false,false,false
Torrhen Karstark,Stark,298,1,63,53,true,true,true,false,false,false,false
Tothmure,Lannister,299,2,64,30,true,false,false,true,false,false,false
Tregar,House Lannister,298,1,39,35,true,false,true,false,false,false,false
Tremond Gargalen,Martell,,,,38,true,true,false,false,true,false,true
Tristifer Botley,Greyjoy,,,,11,true,true,false,false,false,true,true
Triston Sunderland,Lannister,,,,9,true,true,false,false,false,false,true
Tuffleberry,None,,,,38,true,false,false,true,false,false,false
Tumberjon,Night's Watch,,,,0,true,false,false,false,true,false,false
Tumco Lho,Targaryen,,,,67,true,false,false,false,false,false,true
Tybero Istarion,None,,,,66,true,false,false,false,false,false,true
Tycho Nestoris,None,,,,44,true,false,false,false,false,false,true
Tyene Sand,House Martell,,,,38,false,true,false,false,false,true,true
Tymor,House Greyjoy,299,2,66,37,true,false,false,true,false,false,false
Tyrek Lannister,House Lannister,299,2,41,30,true,true,true,true,false,false,false
Tyrion Lannister,Lannister,,,,4,true,true,true,true,true,false,true
Tyta Frey,None,,,,49,false,true,false,false,true,false,false
Tytos Blackwood,Tully,,,,56,true,true,true,false,true,false,true
Tytos Brax,Lannister,,,,63,true,true,true,true,false,false,false
Tytos Frey,None,299,3,,,true,true,false,false,true,false,false
Tywin Lannister,House Lannister,300,3,77,42,true,true,true,true,true,false,false
Ulf son of Umar,Lannister,298,1,62,56,true,false,true,false,false,false,false
Ulf the Ill,House Greyjoy,299,2,66,66,true,false,false,true,false,false,false
Ulmer,Night's Watch,,,,33,true,false,false,false,true,false,true
Ulwyck Uller,Martell,,,,38,true,true,false,false,true,false,true
Umar,None,,,,56,true,false,true,false,false,false,false
Umfred,None,,,,68,true,false,false,false,true,false,false
Unella,None,,,,43,true,false,false,false,false,true,false
Urreg,Night's Watch,299,2,19,14,true,false,false,true,false,false,false
Urswyck,None,,,,21,true,false,false,false,true,false,false
Utherydes Wayn,Tully,,,,71,true,false,true,true,true,false,false
Utt,None,299,3,39,30,true,false,false,true,true,false,false
Val,Wildling,,,,7,false,false,false,false,true,false,true
Varamyr,Wildling,300,5,0,15,true,false,false,false,true,false,true
Vardis Egen,Arryn,298,1,40,34,true,false,true,false,false,false,false
Vargo Hoat,None,300,3,20,30,true,false,false,true,true,false,false
Varys,Targaryen,,,,25,true,false,true,true,true,false,true
Vayon Poole,Stark,298,1,21,7,true,false,true,true,false,false,false
Victarion Greyjoy,House Greyjoy,,,,24,true,true,false,true,false,true,true
Viserys Targaryen,House Targaryen,298,1,46,3,true,true,true,false,false,false,false
Vylarr,House Lannister,,,,3,true,false,false,true,false,false,false
Vyman,Tully,,,,55,true,false,false,true,true,true,false
Waif,None,,,,6,false,false,false,false,false,true,true
Walda Rivers (daughter of Aemon),None,,,,49,false,true,false,false,true,false,false
Walder Frey,None,,,,28,true,true,true,false,true,false,false
Walder Rivers,None,,,,35,true,true,false,false,true,true,false
Wallen,Wildling,298,1,37,37,true,false,true,false,false,false,false
Walton,None,,,,64,true,false,false,true,true,false,true
Wat (orphan),None,,,,37,true,false,false,false,false,true,false
Wat (sailor),None,,,,34,true,false,false,false,false,true,false
Watt,Night's Watch,299,3,75,69,true,false,false,false,true,false,false
Watty,None,,,,39,true,false,false,false,true,false,false
Waymar Royce,Night's Watch,297,1,0,0,true,true,true,false,false,false,false
Wayn (guard),House Stark,,,,37,true,false,true,false,false,false,false
Weasel,None,,,,9,false,false,false,true,false,false,false
Weeper,Wildling,,,,7,true,true,false,false,true,false,false
Weese,Lannister,299,2,38,26,true,false,false,true,false,false,false
Wendel Manderly,Stark,299,3,51,55,true,true,true,true,true,false,false
Wendello Qar Deeth,None,,,,40,true,true,false,true,false,false,false
Werlag,House Greyjoy,299,2,66,37,true,false,false,true,false,false,false
Wex Pyke,Stark,,,,24,true,false,false,true,false,false,true
Whalen Frey,None,,,,59,true,true,true,false,true,false,false
Wilbert,Stark,298,3,29,29,true,false,false,false,true,false,false
Will,Night's Watch,297,1,0,0,true,false,true,false,false,false,false
Will (orphan),None,,,,37,true,false,false,false,false,true,false
Willam Wells,Martell,300,5,6,6,true,false,false,false,false,false,true
Willem Lannister,House Lannister,299,3,20,19,true,true,false,false,true,false,false
William Mooton,Tully,,,,14,true,true,false,false,false,true,false
Willis Wode,Arryn,,,,31,true,true,true,false,false,false,false
Willit,Lannister,,,,65,true,false,false,true,false,false,false
Willow Witch-eye,Wildling,300,5,69,37,false,false,false,false,false,false,true
Willum,Tully,,,,43,true,false,true,false,false,false,false
Woth,Night's Watch,299,2,14,14,true,false,false,true,false,false,false
Wulfe,House Greyjoy,,,,29,true,false,false,false,false,true,true
Wun Weg Wun Dar Wun,Wildling,,,,35,true,false,false,false,false,false,true
Wyl (guard),House Stark,298,1,35,35,true,false,true,false,false,false,false
Wyl the Whittler,None,299,3,34,34,true,false,false,false,true,false,false
Wylis Manderly,Stark,,,,55,true,true,true,true,false,true,false
Wylla Manderly,Stark,,,,19,false,true,false,false,false,false,true
Wyman Manderly,Stark,,,,16,true,true,false,true,false,false,true
Wynafryd Manderly,Stark,,,,19,true,true,false,false,false,false,true
Wynton Stout,Night's Watch,,,,41,true,false,false,false,true,false,false
Xaro Xhoan Daxos,None,,,,12,true,true,false,true,false,false,true
Xhondo,None,,,,26,true,false,false,false,false,true,false
Yandry,House Targaryen,,,,8,true,false,false,false,false,false,true
Yellow Dick,None,300,5,46,12,true,false,false,false,false,false,true
Ygon Farwynd,Greyjoy,,,,19,true,true,false,false,false,true,false
Ygritte,Wildling,299,3,55,51,false,false,false,true,true,false,false
Yohn Farwynd,Greyjoy,,,,19,true,true,false,false,false,true,false
Yohn Royce,Arryn,,,,29,true,true,true,false,false,true,false
Yoren,Night's Watch,299,2,19,13,true,false,true,true,false,false,false
Young Henly,Night's Watch,299,3,55,55,true,false,false,false,true,false,false
Ysilla,House Targaryen,,,,8,true,false,false,false,false,false,true
Zei,Stark,,,,64,false,false,false,false,true,false,false
Zollo,None,,,,21,true,false,false,false,true,false,false
Yurkhaz zo Yunzak,None,300,5,59,47,true,false,false,false,false,false,true
Yezzan Zo Qaggaz,None,300,5,57,25,true,true,false,false,false,false,true
Torwynd the Tame,Wildling,300,5,73,73,true,false,false,false,true,false,false
Talbert Serry,Tyrell,300,4,29,29,true,true,false,false,false,true,false
